0,9.98739e-31,-0.212936,0,0,6.65372e-39,
6831.81,-8314.79,-62.6769,6831.63,-8314.87,-62.6778,
0,9.98739e-31,-0.212936,0,0,6.65372e-39,
6779.31,-8207.32,-62.489,6779.13,-8207.4,-62.4859,
0,9.98739e-31,-0.212936,0,0,6.65372e-39,
6779.31,-8207.32,-62.489,6779.13,-8207.4,-62.4859,
0,9.98739e-31,-0.212936,0,0,6.65372e-39,
6779.31,-8207.32,-62.489,6779.13,-8207.4,-62.4859,
0,9.98739e-31,-0.212936,0,0,6.65372e-39,
6779.31,-8207.32,-62.489,6779.13,-8207.4,-62.4859,
6765.3,-8179.94,-62.4388,6765.12,-8180.02,-62.4447,
6779.13,-8207.4,-62.4859,6778.95,-8207.49,-62.4818,
6765.3,-8179.94,-62.4388,6765.12,-8180.02,-62.4447,
6766.55,-8182.82,-62.4268,6766.37,-8182.9,-62.4267,
6765.3,-8179.94,-62.4388,6765.12,-8180.02,-62.4447,
6766.55,-8182.82,-62.4268,6766.37,-8182.9,-62.4267,
6765.3,-8179.94,-62.4388,6765.12,-8180.02,-62.4447,
6766.55,-8182.82,-62.4268,6766.37,-8182.9,-62.4267,
6764.76,-8180.19,-62.4555,6764.58,-8180.28,-62.4614,
6766.19,-8182.99,-62.4266,6766.01,-8183.07,-62.4265,
6764.22,-8180.45,-62.4673,6764.03,-8180.53,-62.4672,
6765.64,-8183.24,-62.4264,6765.46,-8183.32,-62.4263,
6763.67,-8180.7,-62.466,6763.49,-8180.78,-62.4659,
6765.1,-8183.49,-62.4251,6764.92,-8183.58,-62.425,
6763.13,-8180.95,-62.4648,6762.95,-8181.04,-62.4647,
6764.56,-8183.75,-62.4249,6764.38,-8183.83,-62.4248,
6762.77,-8181.12,-62.4646,6762.59,-8181.21,-62.4645,
6764.2,-8183.91,-62.4247,6764.01,-8184,-62.4246,
6762.04,-8181.46,-62.4633,6761.86,-8181.55,-62.4622,
6763.47,-8184.25,-62.4244,6763.29,-8184.34,-62.4243,
6761.5,-8181.71,-62.462,6761.32,-8181.8,-62.4619,
6762.93,-8184.51,-62.4231,6762.75,-8184.59,-62.423,
6760.78,-8182.05,-62.4607,6760.59,-8182.14,-62.4606,
6762.2,-8184.84,-62.4228,6762.02,-8184.93,-62.4227,
6760.05,-8182.39,-62.4594,6759.87,-8182.48,-62.4593,
6761.48,-8185.18,-62.4225,6761.3,-8185.27,-62.4224,
6759.15,-8182.82,-62.4569,6758.96,-8182.9,-62.4569,
6760.57,-8185.6,-62.421,6760.39,-8185.69,-62.421,
6758.78,-8182.98,-62.4558,6758.61,-8183.07,-62.4537,
6759.85,-8185.94,-62.4207,6759.81,-8185.96,-62.4207,
6756.76,-8182.27,-62.4727,6756.58,-8182.35,-62.4736,
6759.85,-8185.94,-62.4207,6759.81,-8185.96,-62.4207,
6755.85,-8182.69,-62.4773,6755.67,-8182.77,-62.4782,
6759.85,-8185.94,-62.4207,6759.81,-8185.96,-62.4207,
6754.95,-8183.11,-62.4819,6754.76,-8183.2,-62.4828,
6759.85,-8185.94,-62.4207,6759.81,-8185.96,-62.4207,
6753.86,-8183.62,-62.4874,6753.68,-8183.7,-62.4893,
6759.85,-8185.94,-62.4207,6759.81,-8185.96,-62.4207,
6752.95,-8184.04,-62.493,6752.77,-8184.12,-62.4939,
6759.85,-8185.94,-62.4207,6759.81,-8185.96,-62.4207,
6751.86,-8184.54,-62.4985,6751.68,-8184.62,-62.4994,
6759.85,-8185.94,-62.4207,6759.81,-8185.96,-62.4207,
6750.96,-8184.96,-62.501,6750.77,-8185.05,-62.5,
6759.85,-8185.94,-62.4207,6759.81,-8185.96,-62.4207,
6750.05,-8185.38,-62.4966,6749.87,-8185.47,-62.4945,
6759.85,-8185.94,-62.4207,6759.81,-8185.96,-62.4207,
6748.96,-8185.89,-62.4871,6748.78,-8185.97,-62.485,
6759.85,-8185.94,-62.4207,6759.81,-8185.96,-62.4207,
6748.06,-8186.31,-62.4787,6747.87,-8186.39,-62.4776,
6759.85,-8185.94,-62.4207,6759.81,-8185.96,-62.4207,
6747.15,-8186.73,-62.4713,6746.97,-8186.81,-62.4702,
6759.85,-8185.94,-62.4207,6759.81,-8185.96,-62.4207,
6746.77,-8188.59,-62.4193,6746.59,-8188.68,-62.4182,
6748.08,-8191.45,-62.3854,6747.9,-8191.53,-62.3833,
6745.87,-8189.01,-62.4159,6745.69,-8189.1,-62.4148,
6747.17,-8191.86,-62.3739,6746.99,-8191.95,-62.3739,
6744.96,-8189.43,-62.4125,6744.78,-8189.52,-62.4114,
6746.26,-8192.28,-62.3735,6746.08,-8192.37,-62.3744,
6744.05,-8189.85,-62.4091,6743.87,-8189.94,-62.409,
6745.35,-8192.7,-62.3781,6745.17,-8192.79,-62.379,
6743.15,-8190.28,-62.4076,6742.97,-8190.37,-62.4096,
6744.45,-8193.12,-62.3827,6744.27,-8193.21,-62.3836,
6742.25,-8190.72,-62.4183,6742.07,-8190.8,-62.4202,
6743.55,-8193.56,-62.3873,6743.37,-8193.64,-62.3842,
6741.17,-8191.25,-62.4278,6741,-8191.34,-62.4277,
6742.65,-8193.99,-62.3719,6742.47,-8194.08,-62.3758,
6740.29,-8191.71,-62.4255,6740.11,-8191.8,-62.4254,
6741.76,-8194.45,-62.3906,6741.59,-8194.56,-62.3895,
6739.58,-8192.07,-62.4222,6739.41,-8192.18,-62.4192,
6741.25,-8194.77,-62.3874,6741.08,-8194.88,-62.3864,
6738.58,-8192.74,-62.405,6738.42,-8192.86,-62.404,
6740.43,-8195.33,-62.3763,6740.27,-8195.45,-62.3733,
6737.94,-8193.22,-62.3999,6737.79,-8193.35,-62.4009,
6739.95,-8195.69,-62.3813,6739.8,-8195.82,-62.3923,
6737.04,-8194.01,-62.404,6736.9,-8194.15,-62.404,
6739.33,-8196.2,-62.4253,6739.19,-8196.34,-62.4143,
6736.23,-8194.89,-62.4013,6736.1,-8195.04,-62.4004,
6738.62,-8196.9,-62.3694,6738.49,-8197.05,-62.3705,
6735.62,-8195.68,-62.3997,6735.51,-8195.85,-62.3988,
6738.1,-8197.51,-62.3747,6737.97,-8197.66,-62.3757,
6735.07,-8196.52,-62.3982,6734.96,-8196.68,-62.3983,
6737.64,-8198.16,-62.379,6737.53,-8198.33,-62.3801,
6734.57,-8197.38,-62.4028,6734.48,-8197.56,-62.4049,
6737.32,-8198.67,-62.3823,6737.23,-8198.85,-62.3835,
6734.15,-8198.29,-62.4045,6734.07,-8198.47,-62.4016,
6736.95,-8199.38,-62.3879,6736.88,-8199.56,-62.389,
6733.78,-8199.21,-62.3963,6733.71,-8199.4,-62.3955,
6736.58,-8200.31,-62.3907,6736.53,-8200.5,-62.3929,
6733.4,-8200.35,-62.4084,6733.34,-8200.54,-62.4135,
6736.38,-8201.08,-62.3974,6736.33,-8201.27,-62.3986,
6733.14,-8201.32,-62.4223,6733.1,-8201.51,-62.4235,
6736.19,-8202.06,-62.4105,6736.16,-8202.26,-62.4127,
6732.94,-8202.7,-62.4199,6732.94,-8202.9,-62.4202,
6736.12,-8202.85,-62.4175,6736.11,-8203.05,-62.4187,
6732.96,-8203.9,-62.4225,6732.97,-8204.1,-62.4238,
6736.12,-8203.65,-62.4205,6736.13,-8203.85,-62.4208,
6733.13,-8205.28,-62.4244,6733.16,-8205.48,-62.4237,
6736.24,-8204.84,-62.4232,6736.27,-8205.04,-62.4235,
6733.34,-8206.26,-62.4269,6733.38,-8206.45,-62.4292,
6736.41,-8205.62,-62.4284,6736.47,-8205.81,-62.4307,
6733.71,-8207.61,-62.4421,6733.78,-8207.8,-62.4424,
6736.7,-8206.58,-62.4399,6736.76,-8206.77,-62.4422,
6734.03,-8208.55,-62.4436,6734.1,-8208.74,-62.444,
6737.04,-8207.52,-62.4485,6737.12,-8207.7,-62.4488,
6734.17,-8208.93,-62.4443,6734.21,-8209.03,-62.4444,
6737.5,-8208.63,-62.4544,6737.57,-8208.81,-62.4557,
6733.58,-8211.39,-62.4878,6733.66,-8211.57,-62.4881,
6737.81,-8209.36,-62.4557,6737.89,-8209.55,-62.456,
6734.08,-8212.48,-62.4898,6734.16,-8212.66,-62.4901,
6738.29,-8210.46,-62.4556,6738.38,-8210.64,-62.4559,
6734.59,-8213.56,-62.4917,6734.68,-8213.74,-62.492,
6738.78,-8211.56,-62.4555,6738.86,-8211.74,-62.4549,
6734.76,-8213.92,-62.4924,6734.84,-8214.08,-62.4926,
6739.1,-8212.29,-62.4548,6739.15,-8212.39,-62.455,
6734.76,-8213.92,-62.4924,6734.84,-8214.08,-62.4926,
6777.36,-8196.02,-62.4603,6777.45,-8196.2,-62.4606,
6734.76,-8213.92,-62.4924,6734.84,-8214.08,-62.4926,
6777.87,-8197.1,-62.4582,6777.96,-8197.28,-62.4556,
6737.91,-8217.15,-62.4608,6737.99,-8217.33,-62.4612,
6740.75,-8215.79,-62.4471,6740.84,-8215.97,-62.4464,
6738.41,-8218.24,-62.4628,6738.49,-8218.42,-62.4631,
6741.25,-8216.88,-62.442,6741.34,-8217.06,-62.4414,
6739,-8219.51,-62.4651,6739.08,-8219.69,-62.4654,
6741.84,-8218.15,-62.4353,6741.92,-8218.33,-62.4346,
6739.51,-8220.59,-62.47,6739.59,-8220.77,-62.4713,
6742.34,-8219.24,-62.4302,6742.43,-8219.42,-62.4296,
6740.02,-8221.68,-62.4749,6740.1,-8221.86,-62.4753,
6742.93,-8220.51,-62.4245,6743.01,-8220.69,-62.4238,
6739.22,-8223.59,-62.5026,6739.31,-8223.77,-62.5019,
6807.39,-8191.84,-62.4189,6807.47,-8192.02,-62.4122,
6739.82,-8224.85,-62.5038,6739.9,-8225.03,-62.5042,
6807.39,-8191.84,-62.4189,6807.47,-8192.02,-62.4122,
6740.41,-8226.12,-62.5061,6740.5,-8226.3,-62.5064,
6807.39,-8191.84,-62.4189,6807.47,-8192.02,-62.4122,
6741.05,-8227.48,-62.5106,6741.11,-8227.62,-62.5108,
6807.39,-8191.84,-62.4189,6807.47,-8192.02,-62.4122,
6741.6,-8228.68,-62.5137,6741.68,-8228.86,-62.514,
6807.39,-8191.84,-62.4189,6807.47,-8192.02,-62.4122,
6742.36,-8230.31,-62.5176,6742.44,-8230.5,-62.5179,
6807.39,-8191.84,-62.4189,6807.47,-8192.02,-62.4122,
6742.87,-8231.42,-62.5206,6742.95,-8231.6,-62.5209,
6807.39,-8191.84,-62.4189,6807.47,-8192.02,-62.4122,
6743.54,-8232.86,-62.5202,6743.63,-8233.04,-62.5195,
6754.18,-8227.62,-62.4026,6754.24,-8227.78,-62.4049,
6744.22,-8234.32,-62.5138,6744.3,-8234.5,-62.5131,
6754.18,-8227.62,-62.4026,6754.24,-8227.78,-62.4049,
6744.89,-8235.77,-62.5084,6744.97,-8235.95,-62.5077,
6754.18,-8227.62,-62.4026,6754.24,-8227.78,-62.4049,
6745.56,-8237.22,-62.505,6745.64,-8237.4,-62.5043,
6754.18,-8227.62,-62.4026,6754.24,-8227.78,-62.4049,
6746.24,-8238.67,-62.5056,6746.32,-8238.85,-62.5059,
6754.18,-8227.62,-62.4026,6754.24,-8227.78,-62.4049,
6746.92,-8240.11,-62.5071,6747,-8240.3,-62.5075,
6754.18,-8227.62,-62.4026,6754.24,-8227.78,-62.4049,
6747.59,-8241.56,-62.5087,6747.68,-8241.74,-62.5091,
6789.94,-8222.85,-62.5104,6790.02,-8223.03,-62.5117,
6749.96,-8243.03,-62.4851,6750.04,-8243.21,-62.4875,
6752.78,-8241.65,-62.4474,6752.87,-8241.83,-62.4467,
6750.47,-8244.11,-62.4971,6750.55,-8244.29,-62.4994,
6753.29,-8242.74,-62.4433,6753.38,-8242.92,-62.4426,
6751.15,-8245.56,-62.5137,6751.23,-8245.74,-62.515,
6753.97,-8244.18,-62.4389,6754.06,-8244.37,-62.4382,
6751.82,-8247.01,-62.5143,6751.91,-8247.19,-62.5136,
6754.65,-8245.63,-62.4485,6754.73,-8245.81,-62.4508,
6752.59,-8248.64,-62.5112,6752.67,-8248.82,-62.5105,
6755.41,-8247.26,-62.4664,6755.5,-8247.44,-62.4688,
6753.26,-8250.09,-62.5078,6753.35,-8250.27,-62.5081,
6756.09,-8248.71,-62.482,6756.17,-8248.89,-62.4843,
6753.94,-8251.53,-62.5074,6754.03,-8251.71,-62.5077,
6756.77,-8250.16,-62.4966,6756.85,-8250.34,-62.498,
6754.62,-8252.98,-62.519,6754.71,-8253.16,-62.5214,
6757.44,-8251.61,-62.5052,6757.53,-8251.79,-62.5056,
6755.3,-8254.43,-62.5346,6755.39,-8254.61,-62.537,
6758.12,-8253.06,-62.5108,6758.2,-8253.24,-62.5121,
6755.98,-8255.88,-62.5342,6756.06,-8256.06,-62.5336,
6758.79,-8254.51,-62.5174,6758.88,-8254.69,-62.5188,
6756.57,-8257.14,-62.5295,6756.66,-8257.33,-62.5288,
6759.38,-8255.78,-62.5147,6759.47,-8255.96,-62.513,
6757.25,-8258.59,-62.5311,6757.33,-8258.77,-62.5324,
6760.06,-8257.23,-62.4913,6760.14,-8257.41,-62.4886,
6757.92,-8260.04,-62.5427,6758.01,-8260.22,-62.544,
6760.74,-8258.67,-62.4919,6760.82,-8258.85,-62.4942,
6758.52,-8261.31,-62.553,6758.6,-8261.49,-62.5543,
6761.33,-8259.94,-62.5112,6761.42,-8260.12,-62.5135,
6759.19,-8262.76,-62.5646,6759.27,-8262.94,-62.5649,
6762.01,-8261.39,-62.5328,6762.1,-8261.57,-62.5351,
6758.34,-8264.56,-62.575,6758.42,-8264.75,-62.5754,
6762.18,-8261.75,-62.5384,6762.21,-8261.81,-62.5396,
6759.02,-8266.01,-62.5766,6759.1,-8266.19,-62.577,
6826.95,-8233.66,-62.4779,6827,-8233.77,-62.4711,
6759.61,-8267.28,-62.5779,6759.69,-8267.46,-62.5782,
6826.95,-8233.66,-62.4779,6827,-8233.77,-62.4711,
6760.2,-8268.54,-62.5792,6760.29,-8268.73,-62.5795,
6826.95,-8233.66,-62.4779,6827,-8233.77,-62.4711,
6760.8,-8269.81,-62.5815,6760.88,-8269.99,-62.5818,
6826.95,-8233.66,-62.4779,6827,-8233.77,-62.4711,
6761.39,-8271.08,-62.5838,6761.48,-8271.26,-62.5841,
6826.95,-8233.66,-62.4779,6827,-8233.77,-62.4711,
6761.99,-8272.35,-62.586,6762.07,-8272.53,-62.5864,
6826.95,-8233.66,-62.4779,6827,-8233.77,-62.4711,
6762.66,-8273.79,-62.5886,6762.75,-8273.97,-62.589,
6826.95,-8233.66,-62.4779,6827,-8233.77,-62.4711,
6763.17,-8274.88,-62.5906,6763.26,-8275.06,-62.5909,
6826.95,-8233.66,-62.4779,6827,-8233.77,-62.4711,
6763.77,-8276.15,-62.5859,6763.85,-8276.33,-62.5832,
6826.95,-8233.66,-62.4779,6827,-8233.77,-62.4711,
6765.71,-8276.75,-62.5357,6765.79,-8276.93,-62.5361,
6768.58,-8275.55,-62.5902,6768.67,-8275.73,-62.5865,
6766.22,-8277.84,-62.5397,6766.31,-8278.02,-62.541,
6769.02,-8276.45,-62.5698,6769.11,-8276.63,-62.5662,
6766.65,-8278.74,-62.5443,6766.74,-8278.92,-62.5447,
6769.54,-8277.53,-62.5498,6769.62,-8277.71,-62.5481,
6767.08,-8279.64,-62.548,6767.16,-8279.83,-62.5483,
6769.88,-8278.25,-62.5451,6769.97,-8278.43,-62.5454,
6767.59,-8280.73,-62.5519,6767.68,-8280.91,-62.5532,
6770.47,-8279.52,-62.5494,6770.56,-8279.7,-62.5497,
6767.16,-8279.83,-62.5483,6767.25,-8280.01,-62.5496,
6770.05,-8278.61,-62.5458,6770.14,-8278.79,-62.5471,
6767.51,-8280.55,-62.5516,6767.59,-8280.73,-62.5519,
6770.39,-8279.33,-62.5491,6770.47,-8279.52,-62.5494,
6767.93,-8281.45,-62.5562,6768.02,-8281.63,-62.5585,
6770.81,-8280.24,-62.5517,6770.9,-8280.42,-62.553,
6768.19,-8282,-62.5612,6768.27,-8282.18,-62.5635,
6771.07,-8280.78,-62.5537,6771.15,-8280.96,-62.555,
6768.52,-8282.72,-62.5685,6768.61,-8282.9,-62.5698,
6771.4,-8281.51,-62.559,6771.49,-8281.69,-62.5593,
6768.94,-8283.63,-62.5771,6769.03,-8283.81,-62.5785,
6771.83,-8282.41,-62.5686,6771.91,-8282.6,-62.5709,
6769.28,-8284.35,-62.5834,6769.36,-8284.53,-62.5858,
6772.17,-8283.14,-62.5769,6772.25,-8283.32,-62.5792,
6769.53,-8284.9,-62.5884,6769.62,-8285.08,-62.5907,
6772.42,-8283.68,-62.5839,6772.5,-8283.86,-62.5862,
6769.87,-8285.62,-62.5957,6769.95,-8285.8,-62.597,
6772.76,-8284.41,-62.5922,6772.84,-8284.59,-62.5915,
6770.37,-8286.71,-62.6057,6770.46,-8286.89,-62.608,
6773.26,-8285.49,-62.5862,6773.35,-8285.67,-62.5845,
6770.62,-8287.25,-62.6107,6770.71,-8287.43,-62.613,
6773.52,-8286.04,-62.5811,6773.6,-8286.22,-62.5795,
6770.96,-8287.98,-62.615,6771.05,-8288.16,-62.6143,
6773.85,-8286.76,-62.5744,6773.94,-8286.94,-62.5738,
6771.3,-8288.7,-62.6143,6771.38,-8288.88,-62.6146,
6774.19,-8287.49,-62.5687,6774.28,-8287.67,-62.5671,
6771.55,-8289.25,-62.6142,6771.63,-8289.43,-62.6146,
6774.45,-8288.03,-62.5637,6774.53,-8288.21,-62.564,
6771.97,-8290.15,-62.6139,6772.05,-8290.34,-62.6142,
6774.87,-8288.94,-62.5664,6774.95,-8289.12,-62.5687,
6772.39,-8291.06,-62.6135,6772.48,-8291.24,-62.6138,
6775.29,-8289.84,-62.575,6775.37,-8290.03,-62.5763,
6772.81,-8291.97,-62.6141,6772.9,-8292.15,-62.6145,
6775.71,-8290.75,-62.5826,6775.79,-8290.93,-62.5849,
6773.23,-8292.88,-62.6168,6773.32,-8293.06,-62.6171,
6776.12,-8291.66,-62.5912,6776.21,-8291.84,-62.5926,
6773.82,-8294.14,-62.621,6773.9,-8294.33,-62.6214,
6776.71,-8292.93,-62.6025,6776.8,-8293.11,-62.6049,
6774.41,-8295.41,-62.6253,6774.49,-8295.6,-62.6257,
6777.3,-8294.2,-62.6158,6777.38,-8294.38,-62.6181,
6774.91,-8296.5,-62.6283,6775,-8296.68,-62.6296,
6777.8,-8295.29,-62.6268,6777.89,-8295.47,-62.6271,
6775.59,-8297.95,-62.6289,6775.67,-8298.13,-62.6292,
6778.47,-8296.74,-62.6334,6778.56,-8296.92,-62.6347,
6776.27,-8299.4,-62.6265,6776.36,-8299.58,-62.6258,
6779.14,-8298.19,-62.637,6779.23,-8298.37,-62.6363,
6777.04,-8301.03,-62.6245,6777.12,-8301.21,-62.6238,
6779.9,-8299.82,-62.6309,6779.98,-8300,-62.6293,
6777.88,-8302.84,-62.6367,6777.96,-8303.02,-62.6381,
6780.74,-8301.64,-62.6142,6780.82,-8301.82,-62.6125,
6778.3,-8303.75,-62.6424,6778.38,-8303.92,-62.6437,
6781.15,-8302.55,-62.6058,6781.24,-8302.72,-62.6041,
6778.3,-8303.75,-62.6424,6778.38,-8303.92,-62.6437,
6781.15,-8302.55,-62.6058,6781.24,-8302.72,-62.6041,
6778.3,-8303.75,-62.6424,6778.38,-8303.92,-62.6437,
6781.15,-8302.55,-62.6058,6781.24,-8302.72,-62.6041,
6778.3,-8303.75,-62.6424,6778.38,-8303.92,-62.6437,
6781.15,-8302.55,-62.6058,6781.24,-8302.72,-62.6041,
6778.3,-8303.75,-62.6424,6778.38,-8303.92,-62.6437,
6795.85,-8174.14,-62.4267,6796.05,-8174.15,-62.425,
6778.3,-8303.75,-62.6424,6778.38,-8303.92,-62.6437,
6795.85,-8174.14,-62.4267,6796.05,-8174.15,-62.425,
6778.3,-8303.75,-62.6424,6778.38,-8303.92,-62.6437,
6795.85,-8174.14,-62.4267,6796.05,-8174.15,-62.425,
6792.49,-8307.92,-62.6289,6792.67,-8307.83,-62.629,
6791.16,-8305.05,-62.6117,6791.34,-8304.96,-62.6118,
6792.49,-8307.92,-62.6289,6792.67,-8307.83,-62.629,
6791.16,-8305.05,-62.6117,6791.34,-8304.96,-62.6118,
6794.65,-8306.88,-62.6219,6794.83,-8306.8,-62.6219,
6793.33,-8304.03,-62.6037,6793.51,-8303.94,-62.6028,
6794.47,-8306.97,-62.6228,6794.65,-8306.88,-62.6219,
6793.15,-8304.11,-62.6046,6793.33,-8304.03,-62.6037,
6795.55,-8306.46,-62.6213,6795.73,-8306.37,-62.6213,
6794.24,-8303.6,-62.5981,6794.42,-8303.52,-62.5972,
6796.46,-8306.03,-62.6227,6796.64,-8305.94,-62.6227,
6795.14,-8303.18,-62.5915,6795.32,-8303.09,-62.5906,
6797.54,-8305.51,-62.6261,6797.72,-8305.42,-62.6262,
6796.23,-8302.67,-62.584,6796.41,-8302.58,-62.5831,
6798.44,-8305.08,-62.6285,6798.62,-8305,-62.6296,
6797.13,-8302.24,-62.5774,6797.31,-8302.16,-62.5765,
6798.8,-8304.91,-62.6297,6798.98,-8304.83,-62.6298,
6797.67,-8301.99,-62.5747,6797.77,-8301.94,-62.5737,
6811.15,-8328.39,-62.6716,6811.31,-8328.32,-62.6727,
6749.92,-8196,-62.4422,6749.95,-8195.99,-62.4412,
6811.15,-8328.39,-62.6716,6811.31,-8328.32,-62.6727,
6749.92,-8196,-62.4422,6749.95,-8195.99,-62.4412,
6811.15,-8328.39,-62.6716,6811.31,-8328.32,-62.6727,
6749.92,-8196,-62.4422,6749.95,-8195.99,-62.4412,
6811.15,-8328.39,-62.6716,6811.31,-8328.32,-62.6727,
6749.92,-8196,-62.4422,6749.95,-8195.99,-62.4412,
6811.15,-8328.39,-62.6716,6811.31,-8328.32,-62.6727,
6749.92,-8196,-62.4422,6749.95,-8195.99,-62.4412,
6811.15,-8328.39,-62.6716,6811.31,-8328.32,-62.6727,
6749.92,-8196,-62.4422,6749.95,-8195.99,-62.4412,
6811.15,-8328.39,-62.6716,6811.31,-8328.32,-62.6727,
6749.92,-8196,-62.4422,6749.95,-8195.99,-62.4412,
6811.15,-8328.39,-62.6716,6811.31,-8328.32,-62.6727,
6749.92,-8196,-62.4422,6749.95,-8195.99,-62.4412,
6811.15,-8328.39,-62.6716,6811.31,-8328.32,-62.6727,
6749.92,-8196,-62.4422,6749.95,-8195.99,-62.4412,
6811.15,-8328.39,-62.6716,6811.31,-8328.32,-62.6727,
6749.92,-8196,-62.4422,6749.95,-8195.99,-62.4412,
6811.15,-8328.39,-62.6716,6811.31,-8328.32,-62.6727,
6749.92,-8196,-62.4422,6749.95,-8195.99,-62.4412,
6811.15,-8328.39,-62.6716,6811.31,-8328.32,-62.6727,
6761.78,-8190.42,-62.4735,6761.96,-8190.33,-62.4726,
6813.21,-8298.23,-62.6483,6813.39,-8298.14,-62.6484,
6812.05,-8295.32,-62.5593,6812.24,-8295.23,-62.5614,
6813.21,-8298.23,-62.6483,6813.39,-8298.14,-62.6484,
6812.05,-8295.32,-62.5593,6812.24,-8295.23,-62.5614,
6815.02,-8297.38,-62.6521,6815.2,-8297.29,-62.6522,
6813.68,-8294.55,-62.584,6813.86,-8294.46,-62.5871,
6815.02,-8297.38,-62.6521,6815.2,-8297.29,-62.6522,
6813.68,-8294.55,-62.584,6813.86,-8294.46,-62.5871,
6815.74,-8297.04,-62.6535,6815.92,-8296.95,-62.6546,
6814.4,-8294.21,-62.5953,6814.58,-8294.12,-62.5984,
6816.47,-8296.7,-62.6558,6816.65,-8296.61,-62.6559,
6815.13,-8293.86,-62.6067,6815.31,-8293.78,-62.6097,
6816.47,-8296.7,-62.6558,6816.65,-8296.61,-62.6559,
6793.86,-8174.21,-62.4397,6794.06,-8174.17,-62.4419,
6794.19,-8328.81,-62.6521,6794.34,-8328.95,-62.6545,
6822.1,-8294.74,-62.6293,6822.26,-8294.86,-62.6326,
6794.34,-8328.95,-62.6545,6794.48,-8329.09,-62.6558,
6822.74,-8295.22,-62.6426,6822.9,-8295.34,-62.6449,
6794.34,-8328.95,-62.6545,6794.48,-8329.09,-62.6558,
6823.57,-8295.78,-62.6592,6823.74,-8295.89,-62.6635,
6794.34,-8328.95,-62.6545,6794.48,-8329.09,-62.6558,
6824.09,-8296.07,-62.6671,6824.27,-8296.16,-62.6694,
6794.34,-8328.95,-62.6545,6794.48,-8329.09,-62.6558,
6824.63,-8296.34,-62.674,6824.81,-8296.41,-62.6743,
6794.34,-8328.95,-62.6545,6794.48,-8329.09,-62.6558,
6825.38,-8296.61,-62.6762,6825.57,-8296.68,-62.6765,
6794.34,-8328.95,-62.6545,6794.48,-8329.09,-62.6558,
6825.95,-8296.78,-62.675,6826.15,-8296.83,-62.6743,
6794.34,-8328.95,-62.6545,6794.48,-8329.09,-62.6558,
6826.73,-8296.96,-62.6721,6826.93,-8297,-62.6694,
6794.34,-8328.95,-62.6545,6794.48,-8329.09,-62.6558,
6827.28,-8297.04,-62.6658,6827.47,-8297.07,-62.664,
6794.34,-8328.95,-62.6545,6794.48,-8329.09,-62.6558,
6828.07,-8297.14,-62.6578,6828.27,-8297.13,-62.658,
6794.34,-8328.95,-62.6545,6794.48,-8329.09,-62.6558,
6828.67,-8297.12,-62.6584,6828.87,-8297.12,-62.6596,
6794.34,-8328.95,-62.6545,6794.48,-8329.09,-62.6558,
6829.47,-8297.08,-62.6602,6829.67,-8297.07,-62.6604,
6794.34,-8328.95,-62.6545,6794.48,-8329.09,-62.6558,
6830.07,-8297.03,-62.6608,6830.26,-8297,-62.6609,
6794.34,-8328.95,-62.6545,6794.48,-8329.09,-62.6558,
6830.85,-8296.89,-62.6614,6831.05,-8296.85,-62.6616,
6794.34,-8328.95,-62.6545,6794.48,-8329.09,-62.6558,
6831.39,-8296.77,-62.6618,6831.58,-8296.71,-62.662,
6839.37,-8314.78,-62.561,6839.55,-8314.69,-62.558,
6832.16,-8296.54,-62.6624,6832.35,-8296.47,-62.6625,
6842.03,-8313.4,-62.517,6842.21,-8313.3,-62.5151,
6832.9,-8296.25,-62.6628,6833.09,-8296.17,-62.6629,
6842.9,-8312.91,-62.4973,6843.08,-8312.81,-62.4924,
6833.44,-8295.98,-62.663,6833.62,-8295.88,-62.6631,
6843.94,-8312.3,-62.4706,6844.11,-8312.2,-62.4657,
6833.97,-8295.69,-62.6632,6834.13,-8295.58,-62.6632,
6845.3,-8311.47,-62.439,6845.47,-8311.37,-62.435,
6834.61,-8295.22,-62.6633,6834.77,-8295.1,-62.6633,
6848.78,-8308.8,-62.3772,6848.93,-8308.66,-62.3782,
6835.06,-8294.83,-62.6623,6835.21,-8294.69,-62.6612,
6850.14,-8307.34,-62.3548,6850.27,-8307.19,-62.3507,
6835.78,-8294.13,-62.6571,6835.92,-8293.99,-62.6561,
6851.32,-8305.73,-62.3499,6851.43,-8305.56,-62.3498,
6836.16,-8293.72,-62.653,6836.28,-8293.57,-62.6519,
6852.84,-8303.14,-62.3572,6852.93,-8302.96,-62.357,
6836.77,-8292.93,-62.6466,6836.87,-8292.76,-62.6445,
6853.7,-8301.34,-62.3488,6853.79,-8301.16,-62.3476,
6837.19,-8292.25,-62.6371,6837.29,-8292.08,-62.635,
6854.38,-8299.46,-62.354,6854.44,-8299.27,-62.3548,
6837.54,-8291.53,-62.6366,6837.63,-8291.35,-62.6364,
6855.15,-8296.56,-62.3431,6855.19,-8296.37,-62.3409,
6837.89,-8290.6,-62.6397,6837.95,-8290.41,-62.6406,
6855.15,-8296.56,-62.3431,6855.19,-8296.37,-62.3409,
6837.99,-8290.27,-62.6414,6838.04,-8290.07,-62.6412,
6855.15,-8296.56,-62.3431,6855.19,-8296.37,-62.3409,
6837.95,-8290.41,-62.6406,6837.99,-8290.27,-62.6414,
6855.15,-8296.56,-62.3431,6855.19,-8296.37,-62.3409,
6837.95,-8290.41,-62.6406,6837.99,-8290.27,-62.6414,
6855.15,-8296.56,-62.3431,6855.19,-8296.37,-62.3409,
6837.95,-8290.41,-62.6406,6837.99,-8290.27,-62.6414,
6855.15,-8296.56,-62.3431,6855.19,-8296.37,-62.3409,
6838.02,-8284.6,-62.662,6837.95,-8284.41,-62.6557,
6856.86,-8274.69,-62.4693,6856.78,-8274.51,-62.472,
6837.67,-8283.66,-62.6315,6837.58,-8283.48,-62.6311,
6856.44,-8273.79,-62.4817,6856.36,-8273.61,-62.4844,
6837.41,-8283.12,-62.6305,6837.32,-8282.94,-62.6301,
6856.44,-8273.79,-62.4817,6856.36,-8273.61,-62.4844,
6836.92,-8282.26,-62.6288,6836.81,-8282.09,-62.6285,
6856.44,-8273.79,-62.4817,6856.36,-8273.61,-62.4844,
6836.58,-8281.76,-62.6278,6836.45,-8281.61,-62.6275,
6856.44,-8273.79,-62.4817,6856.36,-8273.61,-62.4844,
6836.19,-8281.3,-62.6268,6836.13,-8281.23,-62.6266,
6856.44,-8273.79,-62.4817,6856.36,-8273.61,-62.4844,
6835.42,-8280.52,-62.6259,6835.27,-8280.39,-62.6246,
6856.44,-8273.79,-62.4817,6856.36,-8273.61,-62.4844,
6834.97,-8280.13,-62.6239,6834.82,-8280,-62.6236,
6856.44,-8273.79,-62.4817,6856.36,-8273.61,-62.4844,
6834.51,-8279.74,-62.6209,6834.35,-8279.62,-62.6196,
6856.44,-8273.79,-62.4817,6856.36,-8273.61,-62.4844,
6833.87,-8279.27,-62.6156,6833.69,-8279.17,-62.6143,
6856.44,-8273.79,-62.4817,6856.36,-8273.61,-62.4844,
6833.35,-8278.96,-62.6117,6833.18,-8278.86,-62.6104,
6856.44,-8273.79,-62.4817,6856.36,-8273.61,-62.4844,
6833.18,-8278.86,-62.6104,6833.01,-8278.76,-62.6101,
6856.44,-8273.79,-62.4817,6856.36,-8273.61,-62.4844,
6799.05,-8326.56,-62.6923,6798.88,-8326.45,-62.695,
6856.44,-8273.79,-62.4817,6856.36,-8273.61,-62.4844,
6799.05,-8326.56,-62.6923,6798.88,-8326.45,-62.695,
6856.44,-8273.79,-62.4817,6856.36,-8273.61,-62.4844,
6799.05,-8326.56,-62.6923,6798.88,-8326.45,-62.695,
6856.44,-8273.79,-62.4817,6856.36,-8273.61,-62.4844,
6799.05,-8326.56,-62.6923,6798.88,-8326.45,-62.695,
6856.44,-8273.79,-62.4817,6856.36,-8273.61,-62.4844,
6799.05,-8326.56,-62.6923,6798.88,-8326.45,-62.695,
6830.07,-8272.33,-62.6285,6829.98,-8272.15,-62.6282,
6827.11,-8273.65,-62.5701,6827.02,-8273.47,-62.5697,
6829.9,-8271.97,-62.6269,6829.81,-8271.79,-62.6265,
6827.02,-8273.47,-62.5697,6826.93,-8273.29,-62.5694,
6829.64,-8271.43,-62.6249,6829.56,-8271.25,-62.6246,
6826.76,-8272.93,-62.5688,6826.68,-8272.75,-62.5684,
6828.88,-8269.8,-62.618,6828.8,-8269.62,-62.6176,
6825.99,-8271.3,-62.5658,6825.9,-8271.12,-62.5665,
6828.46,-8268.89,-62.6143,6828.37,-8268.71,-62.614,
6825.56,-8270.4,-62.5652,6825.48,-8270.22,-62.5649,
6828.03,-8267.99,-62.6107,6827.95,-8267.81,-62.6104,
6825.09,-8269.4,-62.5634,6825.01,-8269.21,-62.5631,
6827.61,-8267.08,-62.6071,6827.52,-8266.9,-62.6067,
6824.68,-8268.49,-62.5617,6824.59,-8268.31,-62.5624,
6827.19,-8266.18,-62.6034,6827.1,-8266,-62.6031,
6824.26,-8267.58,-62.5611,6824.18,-8267.4,-62.5608,
6826.76,-8265.27,-62.6018,6826.68,-8265.09,-62.6025,
6823.84,-8266.67,-62.5595,6823.76,-8266.49,-62.5592,
6826.25,-8264.19,-62.6008,6826.17,-8264.01,-62.6005,
6823.37,-8265.66,-62.5587,6823.29,-8265.48,-62.5583,
6825.83,-8263.28,-62.6002,6825.75,-8263.1,-62.5999,
6822.94,-8264.75,-62.557,6822.86,-8264.57,-62.5567,
6825.32,-8262.2,-62.5992,6825.24,-8262.01,-62.5989,
6822.43,-8263.67,-62.5551,6822.34,-8263.49,-62.5547,
6824.81,-8261.11,-62.5973,6824.73,-8260.93,-62.597,
6821.91,-8262.59,-62.5531,6821.85,-8262.46,-62.5529,
6824.31,-8260.02,-62.5963,6824.22,-8259.84,-62.597,
6821.43,-8261.55,-62.5522,6821.34,-8261.37,-62.5519,
6823.8,-8258.94,-62.5974,6823.71,-8258.76,-62.598,
6820.83,-8260.29,-62.55,6820.75,-8260.1,-62.5496,
6823.2,-8257.67,-62.5991,6823.12,-8257.49,-62.5998,
6820.32,-8259.2,-62.548,6820.24,-8259.02,-62.5477,
6822.61,-8256.4,-62.6008,6822.52,-8256.22,-62.6015,
6819.68,-8257.82,-62.5465,6819.6,-8257.64,-62.5462,
6822.01,-8255.14,-62.5995,6821.93,-8254.96,-62.5982,
6819.1,-8256.55,-62.5452,6819.02,-8256.37,-62.5449,
6821.43,-8253.87,-62.5932,6821.34,-8253.69,-62.5919,
6818.52,-8255.27,-62.543,6818.44,-8255.09,-62.5426,
6836.07,-8245.27,-62.4707,6835.98,-8245.09,-62.4704,
6815.38,-8256.19,-62.4978,6815.29,-8256.01,-62.4955,
6835.65,-8244.37,-62.4691,6835.64,-8244.35,-62.4691,
6773.09,-8273.7,-62.6126,6773.01,-8273.52,-62.6163,
6840.65,-8239.91,-62.6167,6840.56,-8239.73,-62.6163,
6773.09,-8273.7,-62.6126,6773.01,-8273.52,-62.6163,
6840.06,-8238.64,-62.6174,6839.97,-8238.46,-62.6171,
6773.09,-8273.7,-62.6126,6773.01,-8273.52,-62.6163,
6839.3,-8237.01,-62.6175,6839.21,-8236.83,-62.6181,
6773.09,-8273.7,-62.6126,6773.01,-8273.52,-62.6163,
6838.62,-8235.56,-62.6189,6838.54,-8235.38,-62.6185,
6773.09,-8273.7,-62.6126,6773.01,-8273.52,-62.6163,
6837.95,-8234.11,-62.6183,6837.86,-8233.93,-62.6179,
6773.09,-8273.7,-62.6126,6773.01,-8273.52,-62.6163,
6837.19,-8232.48,-62.6093,6837.11,-8232.3,-62.608,
6773.09,-8273.7,-62.6126,6773.01,-8273.52,-62.6163,
6836.52,-8231.03,-62.6007,6836.44,-8230.84,-62.6004,
6773.09,-8273.7,-62.6126,6773.01,-8273.52,-62.6163,
6829.95,-8232.17,-62.4462,6829.86,-8231.99,-62.4458,
6811.48,-8240.07,-62.4967,6811.39,-8239.89,-62.4933,
6829.18,-8230.55,-62.4432,6829.1,-8230.37,-62.4429,
6811.06,-8239.16,-62.48,6810.97,-8238.98,-62.4767,
6828.42,-8228.92,-62.4403,6828.33,-8228.74,-62.44,
6810.21,-8237.35,-62.4468,6810.13,-8237.17,-62.4435,
6827.66,-8227.29,-62.4374,6827.57,-8227.11,-62.4371,
6809.45,-8235.71,-62.4319,6809.36,-8235.53,-62.4315,
6826.98,-8225.84,-62.4358,6826.9,-8225.66,-62.4355,
6808.77,-8234.27,-62.4343,6808.69,-8234.09,-62.4349,
6826.31,-8224.39,-62.4342,6826.23,-8224.2,-62.4339,
6808.09,-8232.82,-62.4367,6808.01,-8232.64,-62.4373,
6825.56,-8222.75,-62.4343,6825.47,-8222.57,-62.4339,
6807.41,-8231.37,-62.4401,6807.33,-8231.19,-62.4397,
6824.8,-8221.12,-62.4343,6824.72,-8220.94,-62.434,
6806.6,-8229.63,-62.4449,6806.52,-8229.45,-62.4456,
6824.13,-8219.67,-62.4287,6824.04,-8219.49,-62.4284,
6805.92,-8228.18,-62.4503,6805.84,-8228,-62.451,
6823.37,-8218.04,-62.4188,6823.28,-8217.86,-62.4185,
6805.12,-8226.45,-62.4402,6805.04,-8226.27,-62.4379,
6822.69,-8216.59,-62.4102,6822.6,-8216.41,-62.4089,
6804.53,-8225.18,-62.4259,6804.45,-8225,-62.4236,
6822.01,-8215.15,-62.4016,6821.92,-8214.96,-62.4003,
6803.86,-8223.73,-62.4104,6803.77,-8223.55,-62.408,
6821.33,-8213.7,-62.393,6821.24,-8213.52,-62.3917,
6803.2,-8222.31,-62.3948,6803.12,-8222.13,-62.3945,
6820.74,-8212.43,-62.3827,6820.66,-8212.25,-62.3814,
6802.53,-8220.86,-62.3972,6802.45,-8220.68,-62.3979,
6820.24,-8211.34,-62.3728,6820.15,-8211.16,-62.3715,
6802.03,-8219.77,-62.4003,6801.94,-8219.59,-62.3999,
6819.65,-8210.07,-62.3625,6819.57,-8209.89,-62.3612,
6801.52,-8218.68,-62.4023,6801.45,-8218.52,-62.403,
6819.07,-8208.8,-62.3522,6818.98,-8208.62,-62.3509,
6773.38,-8230.95,-62.5053,6773.37,-8230.91,-62.5052,
6818.73,-8208.07,-62.347,6818.72,-8208.06,-62.3469,
6773.38,-8230.95,-62.5053,6773.37,-8230.91,-62.5052,
6823.78,-8203.66,-62.5377,6823.7,-8203.48,-62.5383,
6773.38,-8230.95,-62.5053,6773.37,-8230.91,-62.5052,
6823.19,-8202.4,-62.5364,6823.1,-8202.21,-62.5361,
6773.38,-8230.95,-62.5053,6773.37,-8230.91,-62.5052,
6822.68,-8201.31,-62.5254,6822.59,-8201.13,-62.5251,
6773.38,-8230.95,-62.5053,6773.37,-8230.91,-62.5052,
6822.17,-8200.22,-62.5275,6822.08,-8200.04,-62.5272,
6773.38,-8230.95,-62.5053,6773.37,-8230.91,-62.5052,
6821.83,-8199.5,-62.5282,6821.74,-8199.32,-62.5289,
6773.38,-8230.95,-62.5053,6773.37,-8230.91,-62.5052,
6821.23,-8198.24,-62.5309,6821.15,-8198.05,-62.5306,
6773.38,-8230.95,-62.5053,6773.37,-8230.91,-62.5052,
6808.78,-8202.52,-62.3582,6808.71,-8202.34,-62.3588,
6762.25,-8223.81,-62.3802,6762.25,-8223.79,-62.3802,
6808.71,-8202.34,-62.3588,6808.63,-8202.15,-62.3595,
6762.25,-8223.81,-62.3802,6762.25,-8223.79,-62.3802,
6819.87,-8195.34,-62.5257,6819.78,-8195.16,-62.5254,
6762.25,-8223.81,-62.3802,6762.25,-8223.79,-62.3802,
6819.53,-8194.62,-62.5234,6819.44,-8194.44,-62.5231,
6762.25,-8223.81,-62.3802,6762.25,-8223.79,-62.3802,
6819.01,-8193.54,-62.5205,6818.93,-8193.36,-62.5201,
6762.25,-8223.81,-62.3802,6762.25,-8223.79,-62.3802,
6818.5,-8192.45,-62.5175,6818.41,-8192.27,-62.5172,
6762.25,-8223.81,-62.3802,6762.25,-8223.79,-62.3802,
6818.06,-8191.55,-62.5149,6817.98,-8191.37,-62.5136,
6762.25,-8223.81,-62.3802,6762.25,-8223.79,-62.3802,
6817.63,-8190.65,-62.5113,6817.55,-8190.47,-62.5099,
6762.25,-8223.81,-62.3802,6762.25,-8223.79,-62.3802,
6817.29,-8189.93,-62.508,6817.2,-8189.75,-62.5076,
6762.25,-8223.81,-62.3802,6762.25,-8223.79,-62.3802,
6816.76,-8188.85,-62.495,6816.68,-8188.67,-62.4927,
6762.25,-8223.81,-62.3802,6762.25,-8223.79,-62.3802,
6810.58,-8190.73,-62.3688,6810.5,-8190.55,-62.3685,
6762.25,-8223.81,-62.3802,6762.25,-8223.79,-62.3802,
6791.85,-8198.14,-62.3844,6791.77,-8197.96,-62.3841,
6768.19,-8208.79,-62.5021,6768.1,-8208.61,-62.5038,
6791.69,-8197.78,-62.3848,6791.6,-8197.6,-62.3855,
6788.58,-8198.81,-62.3168,6788.5,-8198.63,-62.3195,
6791.27,-8196.87,-62.3862,6791.18,-8196.69,-62.3869,
6788.33,-8198.27,-62.3249,6788.25,-8198.09,-62.3265,
6790.76,-8195.78,-62.3892,6790.68,-8195.6,-62.3889,
6787.84,-8197.18,-62.3399,6787.75,-8197,-62.3426,
6790.34,-8194.88,-62.3916,6790.26,-8194.69,-62.3923,
6787.42,-8196.27,-62.3473,6787.33,-8196.09,-62.348,
6789.92,-8193.97,-62.394,6789.84,-8193.79,-62.3947,
6787,-8195.36,-62.3527,6786.91,-8195.18,-62.3534,
6789.5,-8193.06,-62.3974,6789.42,-8192.88,-62.3981,
6786.58,-8194.46,-62.3571,6786.49,-8194.27,-62.3588,
6789,-8191.97,-62.4004,6788.99,-8191.96,-62.4004,
6786.08,-8193.36,-62.3531,6786,-8193.18,-62.3518,
6788.65,-8191.23,-62.3911,6788.57,-8191.05,-62.3888,
6785.67,-8192.46,-62.3465,6785.58,-8192.27,-62.3462,
6788.23,-8190.32,-62.3795,6788.15,-8190.14,-62.3772,
6785.25,-8191.55,-62.3449,6785.16,-8191.37,-62.3456,
6787.81,-8189.42,-62.3679,6787.73,-8189.24,-62.3656,
6784.83,-8190.64,-62.3473,6784.74,-8190.46,-62.347,
6787.24,-8188.17,-62.3537,6787.15,-8187.99,-62.3533,
6784.32,-8189.55,-62.3493,6784.24,-8189.37,-62.349,
6786.82,-8187.27,-62.3521,6786.74,-8187.08,-62.3517,
6783.9,-8188.65,-62.3497,6783.82,-8188.46,-62.3484,
6786.4,-8186.36,-62.3504,6786.32,-8186.18,-62.3501,
6783.48,-8187.74,-62.3451,6783.4,-8187.56,-62.3438,
6785.98,-8185.45,-62.3488,6785.9,-8185.27,-62.3485,
6783.06,-8186.83,-62.3405,6782.98,-8186.65,-62.3402,
6785.65,-8184.73,-62.3475,6785.56,-8184.54,-62.3472,
6782.73,-8186.11,-62.3372,6782.64,-8185.93,-62.3369,
6785.23,-8183.82,-62.3459,6785.14,-8183.64,-62.3456,
6782.3,-8185.2,-62.3326,6782.22,-8185.02,-62.3333,
6784.81,-8182.91,-62.3443,6784.73,-8182.73,-62.344,
6781.87,-8184.3,-62.336,6781.78,-8184.12,-62.3366,
6784.39,-8182,-62.3427,6784.32,-8181.85,-62.3444,
6781.42,-8183.41,-62.3423,6781.33,-8183.23,-62.344,
6784.39,-8182,-62.3427,6784.32,-8181.85,-62.3444,
6781.15,-8182.87,-62.3464,6781.15,-8182.86,-62.3463,
6784.39,-8182,-62.3427,6784.32,-8181.85,-62.3444,
6781.15,-8182.87,-62.3464,6781.15,-8182.86,-62.3463,
6784.39,-8182,-62.3427,6784.32,-8181.85,-62.3444,
6781.15,-8182.87,-62.3464,6781.15,-8182.86,-62.3463,
6784.39,-8182,-62.3427,6784.32,-8181.85,-62.3444,
6781.15,-8182.87,-62.3464,6781.15,-8182.86,-62.3463,
6784.39,-8182,-62.3427,6784.32,-8181.85,-62.3444,
6781.15,-8182.87,-62.3464,6781.15,-8182.86,-62.3463,
6784.39,-8182,-62.3427,6784.32,-8181.85,-62.3444,
6781.15,-8182.87,-62.3464,6781.15,-8182.86,-62.3463,
6784.39,-8182,-62.3427,6784.32,-8181.85,-62.3444,
6781.15,-8182.87,-62.3464,6781.15,-8182.86,-62.3463,
6784.39,-8182,-62.3427,6784.32,-8181.85,-62.3444,
6781.15,-8182.87,-62.3464,6781.15,-8182.86,-62.3463,
6784.39,-8182,-62.3427,6784.32,-8181.85,-62.3444,
6781.15,-8182.87,-62.3464,6781.15,-8182.86,-62.3463,
6784.39,-8182,-62.3427,6784.32,-8181.85,-62.3444,
6781.15,-8182.87,-62.3464,6781.15,-8182.86,-62.3463,
6784.39,-8182,-62.3427,6784.32,-8181.85,-62.3444,
6781.15,-8182.87,-62.3464,6781.15,-8182.86,-62.3463,
6784.39,-8182,-62.3427,6784.32,-8181.85,-62.3444,
6776.28,-8212.34,-62.4173,6776.28,-8212.34,-62.4173,
6784.39,-8182,-62.3427,6784.32,-8181.85,-62.3444,
6776.28,-8212.34,-62.4173,6776.28,-8212.34,-62.4173,
6784.39,-8182,-62.3427,6784.32,-8181.85,-62.3444,
6776.28,-8212.34,-62.4173,6776.28,-8212.34,-62.4173,
6784.39,-8182,-62.3427,6784.32,-8181.85,-62.3444,
6781.63,-8213.48,-62.3594,6781.44,-8213.54,-62.3603,
6784.39,-8182,-62.3427,6784.32,-8181.85,-62.3444,
6781.63,-8213.48,-62.3594,6781.44,-8213.54,-62.3603,
6784.39,-8182,-62.3427,6784.32,-8181.85,-62.3444,
6835.41,-8313.04,-62.6524,6835.23,-8313.13,-62.6534,
6784.39,-8182,-62.3427,6784.32,-8181.85,-62.3444,
6835.59,-8312.95,-62.6505,6835.41,-8313.04,-62.6524,
6784.39,-8182,-62.3427,6784.32,-8181.85,-62.3444,
6835.41,-8313.04,-62.6524,6835.23,-8313.13,-62.6534,
6784.39,-8182,-62.3427,6784.32,-8181.85,-62.3444,
6834.15,-8313.65,-62.6609,6833.97,-8313.74,-62.6628,
6784.39,-8182,-62.3427,6784.32,-8181.85,-62.3444,
6833.43,-8314,-62.6666,6833.25,-8314.09,-62.6675,
6784.39,-8182,-62.3427,6784.32,-8181.85,-62.3444,
6832.35,-8314.52,-62.6741,6832.17,-8314.61,-62.676,
6784.39,-8182,-62.3427,6784.32,-8181.85,-62.3444,
6779.31,-8207.32,-62.489,6779.13,-8207.4,-62.4859,
6765.3,-8179.94,-62.4388,6765.12,-8180.02,-62.4447,
6779.13,-8207.4,-62.4859,6778.95,-8207.49,-62.4818,
6765.3,-8179.94,-62.4388,6765.12,-8180.02,-62.4447,
6766.55,-8182.82,-62.4268,6766.37,-8182.9,-62.4267,
6764.03,-8180.53,-62.4672,6763.85,-8180.61,-62.4661,
6765.46,-8183.32,-62.4263,6765.28,-8183.41,-62.4262,
6762.95,-8181.04,-62.4647,6762.77,-8181.12,-62.4646,
6764.38,-8183.83,-62.4248,6764.2,-8183.91,-62.4247,
6761.86,-8181.55,-62.4622,6761.68,-8181.63,-62.4621,
6763.29,-8184.34,-62.4243,6763.11,-8184.42,-62.4242,
