blnid,flnid,bdid,fdid,bpid,fpid,bx,by,bh,fx,fy,fh,bx_1,by_1,bh_1,lcnt,lno,lanetype,limitvel,lanecfgfg,blid1,blid2,blid3,blid4,flid1,flid2,flid3,flid4
1.0,68.0,202.0,3032.0,96478.0,96546.0,6828.42453462557,-8233.122546137049,-62.458771053834425,6834.093840461136,-8245.25985457522,-62.48860031120603,6828.50892972228,-8233.303873961579,-62.45809664343915,0.0,0.0,0.0,25.0,0.0,202.0,0.0,0.0,0.0,1935.0,0.0,0.0,0.0
69.0,202.0,2587.0,202.0,94480.0,96478.0,6817.166170965992,-8209.019351173596,-62.36450474889034,6828.42453462557,-8233.122546137049,-62.458771053834425,6817.250573919839,-8209.200687546629,-62.36582952358049,2.0,2.0,0.0,25.0,0.0,300.0,12498.0,0.0,0.0,1.0,0.0,0.0,0.0
203.0,300.0,156.0,2587.0,96547.0,94480.0,6808.903842597228,-8191.331010542692,-62.39382412123314,6817.166170965992,-8209.019351173596,-62.36450474889034,6808.988239363658,-8191.512352137102,-62.39114827373987,0.0,0.0,0.0,25.0,0.0,467.0,0.0,0.0,0.0,69.0,0.0,0.0,0.0
301.0,467.0,1039.0,156.0,94615.0,96547.0,6786.985516760444,-8175.282151840685,-62.43177715335651,6808.903842597228,-8191.331010542692,-62.39382412123314,6787.1658558191875,-8175.1977809280215,-62.43386025389282,2.0,2.0,0.0,25.0,0.0,555.0,7728.0,0.0,0.0,203.0,0.0,0.0,0.0
468.0,555.0,105.0,1039.0,96646.0,94615.0,6771.103272916457,-8182.681654655281,-62.40844329402216,6786.985516760444,-8175.282151840685,-62.43177715335651,6771.284610367066,-8182.597254129158,-62.407526863838484,0.0,0.0,0.0,25.0,0.0,570.0,0.0,0.0,0.0,301.0,5884.0,0.0,0.0
556.0,570.0,102.0,105.0,96735.0,96646.0,6768.385175866924,-8183.947532593326,-62.436192426217985,6771.103272916457,-8182.681654655281,-62.40844329402216,6768.566534920493,-8183.863133381006,-62.43427592604576,0.0,0.0,0.0,25.0,0.0,577.0,0.0,0.0,0.0,468.0,14669.0,0.0,0.0
571.0,577.0,101.0,102.0,96751.0,96735.0,6767.138635712743,-8184.5288707907475,-62.44062025712901,6768.385175866924,-8183.947532593326,-62.436192426217985,6767.31897605706,-8184.444501404197,-62.44170267657455,0.0,0.0,0.0,25.0,0.0,613.0,0.0,0.0,0.0,556.0,14632.0,0.0,0.0
578.0,613.0,2963.0,101.0,89801.0,96751.0,6760.667030792318,-8187.543108587399,-62.42164947183255,6767.138635712743,-8184.5288707907475,-62.44062025712901,6760.848357038321,-8187.458706903249,-62.42173266830923,1.0,1.0,0.0,25.0,1.0,616.0,0.0,0.0,0.0,571.0,0.0,0.0,0.0
614.0,616.0,93.0,2963.0,96759.0,89801.0,6760.232032701785,-8187.746263910117,-62.42145078282874,6760.667030792318,-8187.543108587399,-62.42164947183255,6760.413369218293,-8187.66187330078,-62.4215339901657,0.0,0.0,0.0,25.0,0.0,681.0,14631.0,0.0,0.0,578.0,0.0,0.0,0.0
617.0,681.0,80.0,93.0,96763.0,96759.0,6748.631502921559,-8193.151536543539,-62.40314936289178,6760.232032701785,-8187.746263910117,-62.42145078282874,6748.8118342764365,-8193.067168673304,-62.40323113506247,0.0,0.0,0.0,25.0,0.0,850.0,0.0,0.0,0.0,614.0,0.0,0.0,0.0
682.0,850.0,2415.0,80.0,89838.0,96763.0,6744.553720987982,-8219.801729159062,-62.45630613050207,6748.631502921559,-8193.151536543539,-62.40314936289178,6744.469316724574,-8219.620389795455,-62.45698201252253,1.0,1.0,0.0,25.0,1.0,948.0,11646.0,0.0,0.0,617.0,14556.0,0.0,0.0
851.0,948.0,27.0,2415.0,96829.0,89838.0,6752.8176624500375,-8237.52495364618,-62.47902987633188,6744.553720987982,-8219.801729159062,-62.45630613050207,6752.733267187538,-8237.343613027993,-62.480705151233906,0.0,0.0,0.0,25.0,0.0,968.0,0.0,0.0,0.0,682.0,0.0,0.0,0.0
949.0,968.0,2922.0,27.0,96928.0,96829.0,6754.461732675779,-8241.052578323772,-62.473350502875746,6752.8176624500375,-8237.52495364618,-62.47902987633188,6754.377330293665,-8240.87124161509,-62.47202564894906,0.0,0.0,0.0,25.0,0.0,1078.0,0.0,0.0,0.0,851.0,14508.0,0.0,0.0
969.0,1078.0,1.0,23.0,90008.0,96928.0,6763.732024607352,-8260.933912284792,-62.55302240879246,6754.461732675779,-8241.052578323772,-62.473350502875746,6763.647664096342,-8260.752576920182,-62.55069690817254,1.0,1.0,0.0,25.0,1.0,1081.0,0.0,0.0,0.0,949.0,14457.0,0.0,0.0
1079.0,1081.0,417.0,1.0,96949.0,90008.0,6763.958124137831,-8261.418465090908,-62.55689293296609,6763.732024607352,-8260.933912284792,-62.55302240879246,6763.8737215280535,-8261.237128444327,-62.55556737131201,0.0,0.0,0.0,25.0,0.0,1155.0,14456.0,0.0,0.0,969.0,0.0,0.0,0.0
1082.0,1155.0,402.0,417.0,96953.0,96949.0,6770.195152729623,-8274.770576870396,-62.596905459572554,6763.958124137831,-8261.418465090908,-62.55689293296609,6770.110748918086,-8274.589250035862,-62.59657944610035,0.0,0.0,0.0,25.0,0.0,1304.0,0.0,0.0,0.0,1079.0,0.0,0.0,0.0
1156.0,1304.0,2899.0,402.0,90119.0,96953.0,6782.791200147647,-8301.734572494239,-62.57750248025059,6770.195152729623,-8274.770576870396,-62.596905459572554,6782.706823006999,-8301.554248253118,-62.58117687623371,1.0,1.0,0.0,25.0,1.0,1377.0,14364.0,0.0,0.0,1082.0,14365.0,0.0,0.0
1305.0,1377.0,358.0,2899.0,97028.0,90119.0,6788.914681082835,-8314.8439483103,-62.62217936881734,6782.791200147647,-8301.734572494239,-62.57750248025059,6788.830308033834,-8314.663596117878,-62.62185327296356,0.0,0.0,0.0,25.0,0.0,1383.0,0.0,0.0,0.0,1156.0,0.0,0.0,0.0
1378.0,1383.0,357.0,358.0,97102.0,97028.0,6789.3907489581825,-8315.86257074906,-62.62702076702044,6788.914681082835,-8314.8439483103,-62.62217936881734,6789.305350697809,-8315.681234715876,-62.6256922534576,0.0,0.0,0.0,25.0,0.0,1531.0,0.0,0.0,0.0,1305.0,14269.0,0.0,0.0
1384.0,1531.0,3137.0,357.0,90269.0,97102.0,6810.405416936715,-8326.785270963235,-62.67273807369838,6789.3907489581825,-8315.86257074906,-62.62702076702044,6810.225116013392,-8326.871666149711,-62.67265903065436,1.0,1.0,0.0,25.0,1.0,1533.0,0.0,0.0,0.0,1378.0,0.0,0.0,0.0
1532.0,1533.0,327.0,3137.0,97109.0,90269.0,6810.69668855304,-8326.646831414175,-62.672867259364466,6810.405416936715,-8326.785270963235,-62.67273807369838,6810.516387181158,-8326.732218837646,-62.67278688385932,0.0,0.0,0.0,25.0,0.0,1603.0,15319.0,0.0,0.0,1384.0,0.0,0.0,0.0
1534.0,1603.0,313.0,327.0,97112.0,97109.0,6823.3240452539985,-8320.618373163632,-62.68744839592864,6810.69668855304,-8326.646831414175,-62.672867259364466,6823.14376498242,-8320.704735272824,-62.687368882990995,0.0,0.0,0.0,25.0,0.0,1606.0,0.0,0.0,0.0,1532.0,0.0,0.0,0.0
1604.0,1606.0,3105.0,313.0,97183.0,97112.0,6823.853082679611,-8320.365450833038,-62.686682429161465,6823.3240452539985,-8320.618373163632,-62.68744839592864,6823.6727819134485,-8320.45184618149,-62.686602919837696,0.0,0.0,0.0,25.0,0.0,1664.0,0.0,0.0,0.0,1534.0,15185.0,0.0,0.0
1607.0,1664.0,301.0,3105.0,90418.0,97183.0,6834.147454267552,-8315.450750099144,-62.64025605611414,6823.853082679611,-8320.365450833038,-62.686682429161465,6833.96714121857,-8315.537142955754,-62.64217617616714,1.0,1.0,0.0,25.0,1.0,5351.0,1849.0,0.0,0.0,1604.0,0.0,0.0,0.0
1665.0,1849.0,264.0,301.0,94783.0,90418.0,6853.369045829668,-8287.862861791347,-62.47077560052048,6834.147454267552,-8315.450750099144,-62.64025605611414,6853.407749000996,-8288.059051240481,-62.46907342127042,2.0,2.0,0.0,25.0,0.0,1934.0,14196.0,0.0,0.0,1607.0,0.0,0.0,0.0
1850.0,1934.0,247.0,264.0,97187.0,94783.0,6846.746120067058,-8272.34567638536,-62.522417289024816,6853.369045829668,-8287.862861791347,-62.47077560052048,6846.830513463527,-8272.527012570925,-62.52374425280277,0.0,0.0,0.0,25.0,0.0,2084.0,0.0,0.0,0.0,1665.0,0.0,0.0,0.0
1935.0,2084.0,3032.0,247.0,96546.0,97187.0,6834.093840461136,-8245.25985457522,-62.48860031120603,6846.746120067058,-8272.34567638536,-62.522417289024816,6834.178243813752,-8245.441190837773,-62.48992634743263,2.0,2.0,0.0,25.0,0.0,68.0,14896.0,0.0,0.0,1850.0,0.0,0.0,0.0
2085.0,2151.0,2244.0,2242.0,97273.0,97340.0,6837.096129123067,-8243.853600817058,-62.50398909206751,6831.451336997696,-8231.742812658686,-62.47722050637094,6837.011734929626,-8243.672263267003,-62.50366307458853,0.0,0.0,0.0,25.0,0.0,2301.0,0.0,0.0,0.0,4142.0,0.0,0.0,0.0
2152.0,2301.0,600.0,630.0,95120.0,97273.0,6849.7111605393575,-8270.92121978337,-62.486742233782024,6837.096129123067,-8243.853600817058,-62.50398909206751,6849.626753640865,-8270.739890780398,-62.488415277186505,2.0,2.0,0.0,25.0,0.0,2311.0,0.0,0.0,0.0,2085.0,11525.0,0.0,0.0
2302.0,2311.0,598.0,600.0,97341.0,95120.0,6850.53529021551,-8272.690983556031,-62.496934041510485,6849.7111605393575,-8270.92121978337,-62.486742233782024,6850.450886515196,-8272.509647395258,-62.49560701216569,0.0,0.0,0.0,25.0,0.0,2374.0,15007.0,0.0,0.0,2152.0,0.0,0.0,0.0
2312.0,2374.0,2816.0,598.0,97352.0,97341.0,6855.659402309928,-8284.05911794245,-62.364268408943644,6850.53529021551,-8272.690983556031,-62.496934041510485,6855.5928563691505,-8283.870443071412,-62.37095060333377,0.0,0.0,0.0,25.0,0.0,2655.0,0.0,0.0,0.0,2302.0,0.0,0.0,0.0
2375.0,2655.0,529.0,2816.0,95271.0,97352.0,6825.233994119285,-8323.404247883476,-62.69314471367397,6855.659402309928,-8284.05911794245,-62.364268408943644,6825.414293839949,-8323.317840130938,-62.69422421130457,2.0,2.0,0.0,25.0,0.0,2667.0,0.0,0.0,0.0,2312.0,14067.0,0.0,0.0
2656.0,2667.0,527.0,529.0,97416.0,95271.0,6823.093089739335,-8324.42529978139,-62.701194753768505,6825.233994119285,-8323.404247883476,-62.69314471367397,6823.273401898285,-8324.33893897202,-62.70027424872842,0.0,0.0,0.0,25.0,0.0,2727.0,15284.0,0.0,0.0,2375.0,0.0,0.0,0.0
2668.0,2727.0,515.0,527.0,97429.0,97416.0,6812.268714607502,-8329.590010992073,-62.69140821668134,6823.093089739335,-8324.42529978139,-62.701194753768505,6812.449014491018,-8329.5036366176,-62.69248730624122,0.0,0.0,0.0,25.0,0.0,2730.0,0.0,0.0,0.0,2656.0,0.0,0.0,0.0
2728.0,2730.0,857.0,515.0,97490.0,97429.0,6811.7792985413835,-8329.823162251003,-62.68919184504966,6812.268714607502,-8329.590010992073,-62.69140821668134,6811.959639924215,-8329.737806705121,-62.69027229967014,0.0,0.0,0.0,25.0,0.0,2904.0,0.0,0.0,0.0,2668.0,6788.0,0.0,0.0
2731.0,2904.0,480.0,857.0,90477.0,97490.0,6786.357964514775,-8317.296343139922,-62.63267406035811,6811.7792985413835,-8329.823162251003,-62.68919184504966,6786.442368758776,-8317.477669875016,-62.63300150840951,1.0,1.0,0.0,25.0,1.0,2908.0,0.0,0.0,0.0,2728.0,5110.0,0.0,0.0
2905.0,2908.0,479.0,480.0,97494.0,90477.0,6786.067326387958,-8316.674096467583,-62.63054936864546,6786.357964514775,-8317.296343139922,-62.63267406035811,6786.151720366841,-8316.855423208843,-62.630876784287466,0.0,0.0,0.0,25.0,0.0,2983.0,13646.0,0.0,0.0,2731.0,0.0,0.0,0.0
2909.0,2983.0,2680.0,479.0,97499.0,97494.0,6779.79234189283,-8303.219637529384,-62.62425894170474,6786.067326387958,-8316.674096467583,-62.63054936864546,6779.876736788955,-8303.400976692126,-62.62358590610438,0.0,0.0,0.0,25.0,0.0,3133.0,0.0,0.0,0.0,2905.0,0.0,0.0,0.0
2984.0,3133.0,2331.0,464.0,90652.0,97499.0,6767.1548903354715,-8276.123588839375,-62.56444526902396,6779.79234189283,-8303.219637529384,-62.62425894170474,6767.239254767779,-8276.30393270045,-62.562769960088644,1.0,1.0,0.0,25.0,1.0,3200.0,11233.0,0.0,0.0,2909.0,13498.0,0.0,0.0
3134.0,3200.0,421.0,2330.0,97575.0,90652.0,6761.565411608947,-8264.138654090963,-62.563899519228926,6767.1548903354715,-8276.123588839375,-62.56444526902396,6761.649803949747,-8264.319990753122,-62.565225121650656,0.0,0.0,0.0,25.0,0.0,3210.0,0.0,0.0,0.0,2984.0,0.0,0.0,0.0
3201.0,3210.0,419.0,421.0,97643.0,97575.0,6760.724664073395,-8262.336239853057,-62.54966146061588,6761.565411608947,-8264.138654090963,-62.563899519228926,6760.809066644432,-8262.51756544229,-62.55098699767677,0.0,0.0,0.0,25.0,0.0,3320.0,0.0,0.0,0.0,3134.0,11094.0,0.0,0.0
3211.0,3320.0,834.0,419.0,90803.0,97643.0,6751.4596894324995,-8242.471793995766,-62.46701709076024,6760.724664073395,-8262.336239853057,-62.54966146061588,6751.544082588803,-8242.653132024108,-62.46734194194778,1.0,1.0,0.0,25.0,1.0,3350.0,0.0,0.0,0.0,3201.0,0.0,0.0,0.0
3321.0,3350.0,828.0,834.0,97654.0,90803.0,6749.00610894878,-8237.21009496934,-62.48958889177038,6751.4596894324995,-8242.471793995766,-62.46701709076024,6749.090502046795,-8237.391433012534,-62.489913560168134,0.0,0.0,0.0,25.0,0.0,3400.0,12091.0,0.0,0.0,3211.0,0.0,0.0,0.0
3351.0,3400.0,818.0,828.0,97685.0,97654.0,6744.781461426895,-8228.152291746057,-62.48637004295233,6749.00610894878,-8237.21009496934,-62.48958889177038,6744.865855477728,-8228.333620036918,-62.485694383589816,0.0,0.0,0.0,25.0,0.0,3415.0,0.0,0.0,0.0,3321.0,0.0,0.0,0.0
3401.0,3415.0,815.0,818.0,97736.0,97685.0,6743.513561685018,-8225.435272195076,-62.47750732742634,6744.781461426895,-8228.152291746057,-62.48637004295233,6743.597963852743,-8225.616608970136,-62.47883159466528,0.0,0.0,0.0,25.0,0.0,3439.0,0.0,0.0,0.0,3351.0,12790.0,0.0,0.0
3416.0,3439.0,810.0,815.0,97752.0,97736.0,6741.544495306821,-8221.212085306426,-62.45095356016964,6743.513561685018,-8225.435272195076,-62.47750732742634,6741.628888223541,-8221.393412320795,-62.45127765879897,0.0,0.0,0.0,25.0,0.0,3634.0,0.0,0.0,0.0,3401.0,13234.0,0.0,0.0
3440.0,3634.0,1376.0,810.0,90914.0,97752.0,6747.223603957993,-8190.113302342908,-62.40173823397936,6741.544495306821,-8221.212085306426,-62.45095356016964,6747.042269455241,-8190.1976953749945,-62.39965543610606,1.0,1.0,0.0,25.0,1.0,3697.0,6101.0,0.0,0.0,3416.0,0.0,0.0,0.0
3635.0,3697.0,759.0,1375.0,97777.0,90914.0,6758.491074853969,-8184.859196546228,-62.440881957141755,6747.223603957993,-8190.113302342908,-62.40173823397936,6758.30973730966,-8184.943596916432,-62.4417987785464,0.0,0.0,0.0,25.0,0.0,3702.0,0.0,0.0,0.0,3440.0,0.0,0.0,0.0
3698.0,3702.0,758.0,759.0,97841.0,97777.0,6759.265949842234,-8184.497706246048,-62.43823637289324,6758.491074853969,-8184.859196546228,-62.440881957141755,6759.084612305784,-8184.582106626883,-62.43915316924813,0.0,0.0,0.0,25.0,0.0,3738.0,0.0,0.0,0.0,3635.0,7632.0,0.0,0.0
3703.0,3738.0,751.0,758.0,91110.0,97841.0,6765.68797501839,-8181.502410014154,-62.43717901489026,6759.265949842234,-8184.497706246048,-62.43823637289324,6765.506615970485,-8181.586798119065,-62.43909555001619,1.0,1.0,0.0,25.0,1.0,3774.0,0.0,0.0,0.0,3698.0,0.0,0.0,0.0
3739.0,3774.0,744.0,751.0,97847.0,91110.0,6772.078264896785,-8178.522716724625,-62.43711596716685,6765.68797501839,-8181.502410014154,-62.43717901489026,6771.896928564309,-8178.607118549706,-62.43703232062171,0.0,0.0,0.0,25.0,0.0,3809.0,9200.0,0.0,0.0,3703.0,0.0,0.0,0.0
3775.0,3809.0,737.0,744.0,97884.0,97847.0,6778.419027753465,-8175.565945563655,-62.44503765565196,6772.078264896785,-8178.522716724625,-62.43711596716685,6778.237691492186,-8175.650347465333,-62.44495379048476,0.0,0.0,0.0,25.0,0.0,3824.0,0.0,0.0,0.0,3739.0,0.0,0.0,0.0
3810.0,3824.0,734.0,737.0,97920.0,97884.0,6781.136095143576,-8174.299075167468,-62.44729213649316,6778.419027753465,-8175.565945563655,-62.44503765565196,6780.954728118734,-8174.383443893813,-62.4472081027825,0.0,0.0,0.0,25.0,0.0,3849.0,0.0,0.0,0.0,3775.0,9073.0,0.0,0.0
3825.0,3849.0,729.0,734.0,97936.0,97920.0,6785.58619645826,-8172.223713276044,-62.442349235214806,6781.136095143576,-8174.299075167468,-62.44729213649316,6785.404870533329,-8172.308115260226,-62.44226513273816,0.0,0.0,0.0,25.0,0.0,4042.0,0.0,0.0,0.0,3810.0,10492.0,0.0,0.0
3850.0,4042.0,691.0,729.0,91147.0,97936.0,6811.940244538396,-8189.876150387567,-62.376186630765005,6785.58619645826,-8172.223713276044,-62.442349235214806,6811.855842819339,-8189.694815268877,-62.37386248044049,1.0,1.0,0.0,25.0,1.0,4046.0,0.0,0.0,0.0,3825.0,0.0,0.0,0.0
4043.0,4046.0,690.0,1038.0,97962.0,91147.0,6812.205894199618,-8190.4459201487725,-62.383205661151806,6811.940244538396,-8189.876150387567,-62.376186630765005,6812.121492481042,-8190.264585031779,-62.38088149133819,0.0,0.0,0.0,25.0,0.0,4056.0,4372.0,0.0,0.0,3850.0,0.0,0.0,0.0
4047.0,4056.0,688.0,690.0,97967.0,97962.0,6813.0497753604795,-8192.257250838942,-62.427444978799485,6812.205894199618,-8190.4459201487725,-62.383205661151806,6812.965375754566,-8192.075918310296,-62.42312074959227,0.0,0.0,0.0,25.0,0.0,4111.0,12943.0,0.0,0.0,4043.0,0.0,0.0,0.0
4057.0,4111.0,677.0,688.0,97978.0,97967.0,6817.69441104016,-8202.222751401096,-62.44327977786588,6813.0497753604795,-8192.257250838942,-62.427444978799485,6817.6100356890975,-8202.041411137861,-62.44495522598572,0.0,0.0,0.0,25.0,0.0,4126.0,0.0,0.0,0.0,4047.0,0.0,0.0,0.0
4112.0,4126.0,674.0,677.0,98034.0,97978.0,6818.960369927965,-8204.93987930296,-62.40714529730121,6817.69441104016,-8202.222751401096,-62.44327977786588,6818.87597296239,-8204.758537761794,-62.409820627188765,0.0,0.0,0.0,25.0,0.0,4141.0,0.0,0.0,0.0,4057.0,11938.0,0.0,0.0
4127.0,4141.0,671.0,674.0,98050.0,98034.0,6820.185601028855,-8207.567758609983,-62.39385328881826,6818.960369927965,-8204.93987930296,-62.40714529730121,6820.10120770019,-8207.38743979627,-62.39352985140795,0.0,0.0,0.0,25.0,0.0,4275.0,0.0,0.0,0.0,4112.0,12381.0,0.0,0.0
4142.0,4275.0,2242.0,671.0,97340.0,98050.0,6831.451336997696,-8231.742812658686,-62.47722050637094,6820.185601028855,-8207.567758609983,-62.39385328881826,6831.36693374372,-8231.561454226721,-62.475894872892695,2.0,2.0,0.0,25.0,0.0,2151.0,10798.0,0.0,0.0,4127.0,0.0,0.0,0.0
4276.0,4372.0,1018.0,690.0,101969.0,97962.0,6823.113830400971,-8206.16082272686,-62.4851639172457,6812.205894199618,-8190.4459201487725,-62.383205661151806,6823.028441545784,-8205.979485541415,-62.484838100290744,0.0,0.0,1.0,25.0,0.0,4506.0,0.0,0.0,0.0,4043.0,0.0,0.0,0.0
4373.0,4506.0,991.0,1018.0,92487.0,101969.0,6834.408643625939,-8230.3933245643,-62.55263658059084,6823.113830400971,-8206.16082272686,-62.4851639172457,6834.324249525178,-8230.211953774526,-62.55231093961311,2.0,1.0,0.0,25.0,0.0,4573.0,0.0,0.0,0.0,4276.0,0.0,0.0,0.0
4507.0,4573.0,978.0,991.0,98066.0,92487.0,6840.0399027193525,-8242.47439276156,-62.580352093240435,6834.408643625939,-8230.3933245643,-62.55263658059084,6839.955499300504,-8242.293023310132,-62.57902602408058,0.0,0.0,0.0,25.0,0.0,4723.0,0.0,0.0,0.0,4373.0,0.0,0.0,0.0
4574.0,4723.0,948.0,978.0,92622.0,98066.0,6852.642397469421,-8269.51229570101,-62.51705291634926,6840.0399027193525,-8242.47439276156,-62.580352093240435,6852.557990545993,-8269.330966716232,-62.51872596217845,2.0,1.0,0.0,25.0,0.0,4798.0,13900.0,0.0,0.0,4507.0,0.0,0.0,0.0
4724.0,4798.0,933.0,2814.0,98134.0,92622.0,6858.630248287533,-8283.10135405755,-62.32821032047514,6852.642397469421,-8269.51229570101,-62.51705291634926,6858.563702309889,-8282.91267919934,-62.33489251085575,0.0,0.0,0.0,25.0,0.0,5102.0,0.0,0.0,0.0,4574.0,0.0,0.0,0.0
4799.0,5102.0,872.0,933.0,92773.0,98134.0,6826.558081325221,-8326.292115800292,-62.716349935470134,6858.630248287533,-8283.10135405755,-62.32821032047514,6826.73841231123,-8326.206737933562,-62.717430814720956,2.0,1.0,0.0,25.0,0.0,5109.0,0.0,0.0,0.0,4724.0,0.0,0.0,0.0
5103.0,5109.0,871.0,872.0,98210.0,92773.0,6825.376192622019,-8326.803278432622,-62.716756494461606,6826.558081325221,-8326.292115800292,-62.716349935470134,6825.56066340034,-8326.725797346571,-62.715852121839816,0.0,0.0,0.0,25.0,0.0,5179.0,6929.0,0.0,0.0,4799.0,0.0,0.0,0.0
5110.0,5179.0,857.0,871.0,97490.0,98210.0,6811.7792985413835,-8329.823162251003,-62.68919184504966,6825.376192622019,-8326.803278432622,-62.716756494461606,6811.965851965163,-8329.750661224849,-62.690295806240556,0.0,0.0,2.0,25.0,0.0,2904.0,0.0,0.0,0.0,5103.0,0.0,0.0,0.0
5180.0,5351.0,1175.0,301.0,93078.0,90418.0,6850.368535571098,-8288.629162796757,-62.56555498953412,6834.147454267552,-8315.450750099144,-62.64025605611414,6850.418182776193,-8288.822168925226,-62.56386040617281,2.0,1.0,0.0,25.0,0.0,5433.0,0.0,0.0,0.0,1607.0,0.0,0.0,0.0
5352.0,5433.0,1159.0,1175.0,98218.0,93078.0,6843.912858116895,-8273.707641654622,-62.58715392187605,6850.368535571098,-8288.629162796757,-62.56555498953412,6843.997231594237,-8273.887993548631,-62.58747958137474,0.0,0.0,0.0,25.0,0.0,5583.0,0.0,0.0,0.0,5180.0,0.0,0.0,0.0
5434.0,5583.0,1129.0,1159.0,93251.0,98218.0,6831.243081209199,-8246.595184675678,-62.53328337390076,6843.912858116895,-8273.707641654622,-62.58715392187605,6831.327475347138,-8246.77652225698,-62.53360939761478,2.0,1.0,0.0,25.0,0.0,5589.0,0.0,0.0,0.0,5352.0,14922.0,0.0,0.0
5584.0,5589.0,1128.0,1129.0,98301.0,93251.0,6830.790977553135,-8245.627107633689,-62.519541296153875,6831.243081209199,-8246.595184675678,-62.53328337390076,6830.87537979975,-8245.808442613892,-62.52186729607547,0.0,0.0,0.0,25.0,0.0,5644.0,14848.0,0.0,0.0,5434.0,0.0,0.0,0.0
5590.0,5644.0,1117.0,1128.0,98308.0,98301.0,6826.1354687896965,-8235.667832464103,-62.475625205686356,6830.790977553135,-8245.627107633689,-62.519541296153875,6826.220868718615,-8235.848152078335,-62.47495060257279,0.0,0.0,0.0,25.0,0.0,5651.0,0.0,0.0,0.0,5584.0,0.0,0.0,0.0
5645.0,5651.0,1116.0,1117.0,98364.0,98308.0,6825.558310740931,-8234.43018324582,-62.47940158107576,6826.1354687896965,-8235.667832464103,-62.475625205686356,6825.642706884945,-8234.611523457768,-62.47772718469514,0.0,0.0,0.0,25.0,0.0,5784.0,0.0,0.0,0.0,5590.0,14791.0,0.0,0.0
5652.0,5784.0,3005.0,1116.0,93402.0,98364.0,6814.321050240715,-8210.386545857767,-62.40223498804062,6825.558310740931,-8234.43018324582,-62.47940158107576,6814.406419570307,-8210.567884396249,-62.40156079513554,2.0,1.0,0.0,25.0,0.0,5870.0,14790.0,0.0,0.0,5645.0,0.0,0.0,0.0
5785.0,5870.0,1072.0,1089.0,98372.0,93402.0,6807.094373059308,-8194.921845481429,-62.408530340725974,6814.321050240715,-8210.386545857767,-62.40223498804062,6807.178766620792,-8195.10318321078,-62.408854567406706,0.0,0.0,0.0,25.0,0.0,5883.0,0.0,0.0,0.0,5652.0,0.0,0.0,0.0
5871.0,5883.0,1070.0,1072.0,98459.0,98372.0,6806.054675354137,-8192.697290327558,-62.42854873058786,6807.094373059308,-8194.921845481429,-62.408530340725974,6806.139072089932,-8192.878631936714,-62.42587288649338,0.0,0.0,0.0,25.0,0.0,6036.0,0.0,0.0,0.0,5785.0,14734.0,0.0,0.0
5884.0,6036.0,1039.0,2982.0,94615.0,98459.0,6786.985516760444,-8175.282151840685,-62.43177715335651,6806.054675354137,-8192.697290327558,-62.42854873058786,6787.1700149836015,-8175.205687434601,-62.432874864030964,2.0,1.0,0.0,25.0,0.0,555.0,7728.0,0.0,0.0,5871.0,14707.0,0.0,0.0
6037.0,6101.0,2955.0,1376.0,102067.0,90914.0,6757.946068375586,-8194.212070204903,-62.43737626101074,6747.223603957993,-8190.113302342908,-62.40173823397936,6757.858713388182,-8194.031777105833,-62.43505091971883,0.0,0.0,1.0,25.0,0.0,6188.0,0.0,0.0,0.0,3440.0,0.0,0.0,0.0
6102.0,6188.0,1345.0,2955.0,91341.0,102067.0,6765.277916476893,-8209.898732712003,-62.40542217158918,6757.946068375586,-8194.212070204903,-62.43737626101074,6765.193509896144,-8209.717390874857,-62.40809805942126,1.0,1.0,0.0,25.0,1.0,6208.0,16899.0,0.0,0.0,6037.0,14594.0,0.0,0.0
6189.0,6208.0,1341.0,1345.0,98473.0,91341.0,6766.928107657293,-8213.43127932759,-62.37574347691543,6765.277916476893,-8209.898732712003,-62.40542217158918,6766.843735434854,-8213.250926984962,-62.37542055509175,0.0,0.0,0.0,25.0,0.0,6293.0,16860.0,0.0,0.0,6102.0,0.0,0.0,0.0
6209.0,6293.0,1324.0,1341.0,98494.0,98473.0,6774.119343076873,-8228.825499693852,-62.49231889730618,6766.928107657293,-8213.43127932759,-62.37574347691543,6774.034951851704,-8228.644175457059,-62.48999415992239,0.0,0.0,0.0,25.0,0.0,6302.0,0.0,0.0,0.0,6189.0,0.0,0.0,0.0
6294.0,6302.0,3358.0,1324.0,98580.0,98494.0,6774.85271673464,-8230.395034019799,-62.51513314326212,6774.119343076873,-8228.825499693852,-62.49231889730618,6774.767319142451,-8230.213731093114,-62.51380731092013,0.0,0.0,0.0,25.0,0.0,6423.0,0.0,0.0,0.0,6209.0,16310.0,0.0,0.0
6303.0,6423.0,3357.0,3358.0,91429.0,98580.0,6785.013101588164,-8252.146956497598,-62.53018000968086,6774.85271673464,-8230.395034019799,-62.51513314326212,6784.928739193116,-8251.9666042646,-62.52985575918865,1.0,1.0,0.0,25.0,1.0,6500.0,16269.0,15944.0,0.0,6294.0,16428.0,16270.0,0.0
6424.0,6500.0,1283.0,1298.0,98590.0,91429.0,6791.46158662727,-8265.951880345578,-62.59900855488149,6785.013101588164,-8252.146956497598,-62.53018000968086,6791.37721444341,-8265.770543841621,-62.597682533211355,0.0,0.0,0.0,25.0,0.0,6505.0,0.0,0.0,0.0,6303.0,0.0,0.0,0.0
6501.0,6505.0,1282.0,1283.0,98668.0,98590.0,6791.855398949418,-8266.795137018627,-62.6005262648946,6791.46158662727,-8265.951880345578,-62.59900855488149,6791.770994915237,-8266.613799228016,-62.60020018011528,0.0,0.0,0.0,25.0,0.0,6637.0,0.0,0.0,0.0,6424.0,15774.0,0.0,0.0
6506.0,6637.0,1256.0,1282.0,91551.0,98668.0,6803.005442676945,-8290.66358822761,-62.600545055849125,6791.855398949418,-8266.795137018627,-62.6005262648946,6802.920042265045,-8290.48224964806,-62.60121707965709,1.0,1.0,0.0,25.0,1.0,6641.0,0.0,0.0,0.0,6501.0,15817.0,0.0,0.0
6638.0,6641.0,1255.0,3175.0,98674.0,91551.0,6803.305501434534,-8291.30665536766,-62.598705212752975,6803.005442676945,-8290.66358822761,-62.600545055849125,6803.22110677964,-8291.126335175813,-62.59937961543028,0.0,0.0,0.0,25.0,0.0,6711.0,15773.0,15475.0,0.0,6506.0,0.0,0.0,0.0
6642.0,6711.0,1241.0,1255.0,98679.0,98674.0,6809.226904275176,-8303.984023637182,-62.62759920164399,6803.305501434534,-8291.30665536766,-62.598705212752975,6809.142532128478,-8303.803706087136,-62.626273192508506,0.0,0.0,0.0,25.0,0.0,6716.0,0.0,0.0,0.0,6638.0,0.0,0.0,0.0
6712.0,6716.0,1240.0,1241.0,98750.0,98679.0,6809.650860624144,-8304.889676025155,-62.63323690330253,6809.226904275176,-8303.984023637182,-62.62759920164399,6809.565462197989,-8304.708373325091,-62.63190847733313,0.0,0.0,0.0,25.0,0.0,6718.0,0.0,0.0,0.0,6642.0,15368.0,0.0,0.0
6717.0,6718.0,1240.0,1240.0,98756.0,98750.0,6809.813372858975,-8305.23847544507,-62.6358668639009,6809.650860624144,-8304.889676025155,-62.63323690330253,6809.728015447631,-8305.057139504734,-62.63453842597528,0.0,0.0,0.0,25.0,0.0,6787.0,0.0,0.0,0.0,6712.0,15320.0,0.0,0.0
6719.0,6787.0,1226.0,1240.0,91684.0,98756.0,6815.572241376571,-8317.567014009293,-62.68316388685571,6809.813372858975,-8305.23847544507,-62.6358668639009,6815.487847033395,-8317.385676359034,-62.68283604820408,1.0,1.0,0.0,25.0,1.0,6858.0,15230.0,0.0,0.0,6717.0,0.0,0.0,0.0
6788.0,6858.0,515.0,1226.0,97429.0,91684.0,6812.268714607502,-8329.590010992073,-62.69140821668134,6815.572241376571,-8317.567014009293,-62.68316388685571,6812.444824644147,-8329.493704813895,-62.6924697965419,0.0,0.0,1.0,25.0,0.0,2730.0,0.0,0.0,0.0,6719.0,0.0,0.0,0.0
6859.0,6929.0,1529.0,871.0,102205.0,98210.0,6813.802111563913,-8321.651964476961,-62.69362966322706,6825.376192622019,-8326.803278432622,-62.716756494461606,6813.888507302425,-8321.833236093707,-62.69295965173478,0.0,0.0,1.0,25.0,0.0,6934.0,0.0,0.0,0.0,5103.0,0.0,0.0,0.0
6930.0,6934.0,1528.0,1529.0,98759.0,102205.0,6813.4145486127745,-8320.821594852885,-62.69312688163927,6813.802111563913,-8321.651964476961,-62.69362966322706,6813.498943557933,-8321.001914983875,-62.692453456711974,0.0,0.0,0.0,25.0,0.0,7013.0,0.0,0.0,0.0,6859.0,15231.0,0.0,0.0
6935.0,7013.0,1513.0,1528.0,91754.0,98759.0,6806.8149887100635,-8306.692605502965,-62.630571379485446,6813.4145486127745,-8320.821594852885,-62.69312688163927,6806.9003881965855,-8306.873942750128,-62.630899871136535,1.0,1.0,0.0,25.0,1.0,7016.0,0.0,0.0,0.0,6930.0,15285.0,0.0,0.0
7014.0,7016.0,1512.0,1512.0,98765.0,91754.0,6806.612851139331,-8306.257599003467,-62.62778629944978,6806.8149887100635,-8306.692605502965,-62.630571379485446,6806.697244245066,-8306.438935398279,-62.62911370228403,0.0,0.0,0.0,25.0,0.0,7021.0,15703.0,0.0,0.0,6935.0,0.0,0.0,0.0
7017.0,7021.0,1511.0,1512.0,98769.0,98765.0,6806.189922265805,-8305.352932994305,-62.6211509899872,6806.612851139331,-8306.257599003467,-62.62778629944978,6806.274294404193,-8305.533283783227,-62.62247704893298,0.0,0.0,0.0,25.0,0.0,7091.0,15543.0,0.0,0.0,7014.0,0.0,0.0,0.0
7022.0,7091.0,1497.0,1511.0,98775.0,98769.0,6800.268445192004,-8292.674547890569,-62.6152557082346,6806.189922265805,-8305.352932994305,-62.6211509899872,6800.352840278978,-8292.855886939886,-62.61458264071371,0.0,0.0,0.0,25.0,0.0,7095.0,0.0,0.0,0.0,7017.0,0.0,0.0,0.0
7092.0,7095.0,3192.0,1497.0,98846.0,98775.0,6799.979874952737,-8292.057220775618,-62.61914143827153,6800.268445192004,-8292.674547890569,-62.6152557082346,6800.064270654076,-8292.23757551495,-62.617467063415916,0.0,0.0,0.0,25.0,0.0,7227.0,0.0,0.0,0.0,7022.0,15590.0,15544.0,0.0
7096.0,7227.0,1470.0,1496.0,91834.0,98846.0,6788.848538848925,-8268.225426873727,-62.593190323955696,6799.979874952737,-8292.057220775618,-62.61914143827153,6788.932913765584,-8268.405781682966,-62.59151510259062,1.0,1.0,0.0,25.0,1.0,7232.0,16021.0,0.0,0.0,7092.0,0.0,0.0,0.0
7228.0,7232.0,1469.0,1470.0,98851.0,91834.0,6788.425578741664,-8267.319772083469,-62.58856029768185,6788.848538848925,-8268.225426873727,-62.593190323955696,6788.509982736846,-8267.501109893563,-62.588886359206754,0.0,0.0,0.0,25.0,0.0,7307.0,16193.0,0.0,0.0,7096.0,0.0,0.0,0.0
7233.0,7307.0,1454.0,1469.0,98857.0,98851.0,6782.08121294713,-8253.736759573185,-62.54013118544253,6788.425578741664,-8267.319772083469,-62.58856029768185,6782.165618476519,-8253.9171144057,-62.53845549325479,0.0,0.0,0.0,25.0,0.0,7309.0,0.0,0.0,0.0,7228.0,0.0,0.0,0.0
7308.0,7309.0,1454.0,1454.0,98933.0,98857.0,6781.993675728165,-8253.54749259255,-62.54079195903478,6782.08121294713,-8253.736759573185,-62.54013118544253,6782.078079565473,-8253.728819367325,-62.54111752688323,0.0,0.0,0.0,25.0,0.0,7430.0,0.0,0.0,0.0,16022.0,16072.0,7233.0,0.0
7310.0,7430.0,1430.0,1454.0,91967.0,98933.0,6771.830183687541,-8231.788662957648,-62.50573281028619,6781.993675728165,-8253.54749259255,-62.54079195903478,6771.915570996633,-8231.9699659049,-62.50705863707435,1.0,1.0,0.0,25.0,1.0,7454.0,16780.0,0.0,0.0,7308.0,0.0,0.0,0.0
7431.0,7454.0,1425.0,3481.0,98936.0,91967.0,6769.816446211801,-8227.475404600742,-62.44900185400775,6771.830183687541,-8231.788662957648,-62.50573281028619,6769.900837381851,-8227.656728863127,-62.451326502483425,0.0,0.0,0.0,25.0,0.0,7534.0,16974.0,0.0,0.0,7310.0,0.0,0.0,0.0
7455.0,7534.0,1409.0,1425.0,98961.0,98936.0,6763.049126835391,-8212.98672891928,-62.39505594313687,6769.816446211801,-8227.475404600742,-62.44900185400775,6763.133532343738,-8213.1680584008,-62.393380103450454,0.0,0.0,0.0,25.0,0.0,7539.0,0.0,0.0,0.0,7431.0,0.0,0.0,0.0
7535.0,7539.0,1408.0,1409.0,99042.0,98961.0,6762.626154953983,-8212.081044102797,-62.40443547777886,6763.049126835391,-8212.98672891928,-62.39505594313687,6762.710560453967,-8212.262384660875,-62.4027596221963,0.0,0.0,0.0,25.0,0.0,7544.0,0.0,0.0,0.0,7455.0,16691.0,0.0,0.0
7540.0,7544.0,3452.0,1408.0,99048.0,99042.0,6762.275069805396,-8211.329947214319,-62.41409139863572,6762.626154953983,-8212.081044102797,-62.40443547777886,6762.35946503537,-8211.51128777911,-62.41241550577479,0.0,0.0,0.0,25.0,0.0,7631.0,0.0,0.0,0.0,7535.0,16595.0,0.0,0.0
7545.0,7631.0,1390.0,1407.0,92089.0,99048.0,6754.934503244324,-8195.604490941047,-62.430986044740166,6762.275069805396,-8211.329947214319,-62.41409139863572,6755.015941685746,-8195.78785560433,-62.43230909257818,1.0,1.0,0.0,25.0,1.0,7694.0,14593.0,0.0,0.0,7540.0,18974.0,0.0,0.0
7632.0,7694.0,759.0,2954.0,97777.0,92089.0,6758.491074853969,-8184.859196546228,-62.440881957141755,6754.934503244324,-8195.604490941047,-62.430986044740166,6758.316985769059,-8184.95745876278,-62.44182433828337,0.0,0.0,1.0,25.0,0.0,3702.0,0.0,0.0,0.0,7545.0,0.0,0.0,0.0
7695.0,7728.0,1826.0,1039.0,106255.0,94615.0,6785.788114965142,-8181.160661833508,-62.40608047807655,6786.985516760444,-8175.282151840685,-62.43177715335651,6785.703743758085,-8180.98031087949,-62.40475822540884,0.0,0.0,2.0,25.0,0.0,7815.0,0.0,0.0,0.0,301.0,5884.0,0.0,0.0
7729.0,7815.0,3909.0,1826.0,93690.0,106255.0,6793.06242076502,-8196.767394878661,-62.41396165736842,6785.788114965142,-8181.160661833508,-62.40608047807655,6792.978056456998,-8196.58705116641,-62.41563888627297,2.0,1.0,0.0,25.0,0.0,18352.0,7913.0,18705.0,0.0,7695.0,0.0,0.0,0.0
7816.0,7913.0,1789.0,3909.0,99054.0,93690.0,6801.256815279769,-8214.350069829312,-62.36742770881847,6793.06242076502,-8196.767394878661,-62.41396165736842,6801.172413555776,-8214.168734663135,-62.36510300051896,0.0,0.0,0.0,25.0,0.0,7933.0,0.0,0.0,0.0,7729.0,0.0,0.0,0.0
7914.0,7933.0,3752.0,1789.0,99153.0,99054.0,6802.887325643273,-8217.848912879828,-62.404696259068714,6801.256815279769,-8214.350069829312,-62.36742770881847,6802.802921749201,-8217.667575136073,-62.404371426259786,0.0,0.0,0.0,25.0,0.0,8046.0,0.0,0.0,0.0,7816.0,17955.0,0.0,0.0
7934.0,8046.0,1763.0,1785.0,93778.0,99153.0,6812.373529193119,-8238.20404040207,-62.46521139796414,6802.887325643273,-8217.848912879828,-62.404696259068714,6812.289126136714,-8238.022704014957,-62.46388586024477,2.0,1.0,0.0,25.0,0.0,17375.0,8055.0,0.0,0.0,7914.0,17996.0,0.0,0.0
8047.0,8055.0,1761.0,3623.0,99174.0,93778.0,6813.077780446558,-8239.715127064244,-62.4859253660793,6812.373529193119,-8238.20404040207,-62.46521139796414,6812.993389774046,-8239.533804348728,-62.482599802854565,0.0,0.0,0.0,25.0,0.0,8125.0,17509.0,0.0,0.0,7934.0,0.0,0.0,0.0
8056.0,8125.0,1747.0,1761.0,99184.0,99174.0,6818.989292154642,-8252.397662255587,-62.53672152613217,6813.077780446558,-8239.715127064244,-62.4859253660793,6818.904901342069,-8252.216339583101,-62.53339552300713,0.0,0.0,0.0,25.0,0.0,8135.0,0.0,0.0,0.0,8047.0,0.0,0.0,0.0
8126.0,8135.0,1745.0,1747.0,99255.0,99184.0,6819.799821708172,-8254.136644606115,-62.56584964969488,6818.989292154642,-8252.397662255587,-62.53672152613217,6819.7154503263755,-8253.955320630603,-62.563523605348564,0.0,0.0,0.0,25.0,0.0,8233.0,0.0,0.0,0.0,8056.0,17056.0,0.0,0.0
8136.0,8233.0,1726.0,1745.0,93892.0,99255.0,6828.049263529738,-8271.833157471818,-62.59571641712819,6819.799821708172,-8254.136644606115,-62.56584964969488,6827.963895222795,-8271.652839163617,-62.595390005485115,2.0,1.0,0.0,25.0,0.0,8236.0,0.0,0.0,0.0,8126.0,0.0,0.0,0.0
8234.0,8236.0,1725.0,2853.0,99266.0,93892.0,6828.28245891673,-8272.324563720587,-62.59760657687502,6828.049263529738,-8271.833157471818,-62.59571641712819,6828.19709060222,-8272.144245413107,-62.59728015042174,0.0,0.0,0.0,25.0,0.0,14024.0,8271.0,0.0,0.0,8136.0,0.0,0.0,0.0
8237.0,8271.0,1718.0,1725.0,106290.0,99266.0,6833.149523092512,-8277.18475232809,-62.61715453064835,6828.28245891673,-8272.324563720587,-62.59760657687502,6832.975745847221,-8277.087100015704,-62.6168410674436,0.0,0.0,2.0,25.0,0.0,8291.0,0.0,0.0,0.0,8234.0,0.0,0.0,0.0
8272.0,8291.0,1714.0,1718.0,99270.0,106290.0,6836.460987814402,-8279.390343398096,-62.62557882252395,6833.149523092512,-8277.18475232809,-62.61715453064835,6836.310531277433,-8279.258249031254,-62.62624527939033,0.0,0.0,0.0,25.0,0.0,8336.0,14921.0,0.0,0.0,8237.0,10634.0,0.0,0.0
8292.0,8336.0,1705.0,1714.0,99291.0,99270.0,6839.9137447404855,-8287.43511903327,-62.64678094140709,6836.460987814402,-8279.390343398096,-62.62557882252395,6839.904966559033,-8287.235353926279,-62.64551061888869,0.0,0.0,0.0,25.0,0.0,8351.0,0.0,0.0,0.0,8272.0,0.0,0.0,0.0
8337.0,8351.0,1702.0,1705.0,99337.0,99291.0,6839.525912452695,-8290.399361242828,-62.64023754127493,6839.9137447404855,-8287.43511903327,-62.64678094140709,6839.569225633246,-8290.204608674858,-62.64102950979168,0.0,0.0,0.0,25.0,0.0,8466.0,0.0,0.0,0.0,8292.0,15008.0,0.0,0.0
8352.0,8466.0,1678.0,1702.0,99353.0,99337.0,6821.253014557751,-8295.81470898767,-62.64875689427936,6839.525912452695,-8290.399361242828,-62.64023754127493,6821.407364827994,-8295.94174921388,-62.65008798270128,0.0,0.0,0.0,25.0,0.0,8516.0,15096.0,0.0,0.0,15042.0,8337.0,0.0,0.0
8467.0,8516.0,1668.0,1678.0,99469.0,99353.0,6817.541736231301,-8286.890207927798,-62.61112903248841,6821.253014557751,-8295.81470898767,-62.64875689427936,6817.540521622211,-8287.09013131055,-62.61338884477618,0.0,0.0,0.0,25.0,0.0,8526.0,0.0,0.0,0.0,8352.0,0.0,0.0,0.0
8517.0,8526.0,1666.0,1668.0,99520.0,99469.0,6817.823255763356,-8284.913609083507,-62.614848642490415,6817.541736231301,-8286.890207927798,-62.61112903248841,6817.786980294439,-8285.11022996701,-62.61406661604451,0.0,0.0,0.0,25.0,0.0,8566.0,10573.0,0.0,0.0,15097.0,8467.0,0.0,0.0
8527.0,8566.0,1658.0,1666.0,106326.0,99520.0,6817.061917566661,-8277.153900849813,-62.581908099954035,6817.823255763356,-8284.913609083507,-62.614848642490415,6817.142352965725,-8277.33730012744,-62.582233272024496,0.0,0.0,2.0,25.0,0.0,8665.0,0.0,0.0,0.0,8517.0,0.0,0.0,0.0
8567.0,8665.0,3680.0,1658.0,93991.0,106326.0,6808.728657939211,-8259.306045835623,-62.5337542418215,6817.061917566661,-8277.153900849813,-62.581908099954035,6808.813062132576,-8259.487372460466,-62.534080328618074,2.0,1.0,0.0,25.0,0.0,8672.0,17630.0,0.0,0.0,8527.0,0.0,0.0,0.0
8666.0,8672.0,1637.0,3680.0,99531.0,93991.0,6808.171307521385,-8258.112020641234,-62.52860547423052,6808.728657939211,-8259.306045835623,-62.5337542418215,6808.255700378478,-8258.293357047232,-62.529931521704384,0.0,0.0,0.0,25.0,0.0,8742.0,17252.0,0.0,0.0,8567.0,0.0,0.0,0.0
8673.0,8742.0,1623.0,1637.0,99539.0,99531.0,6802.2508560379065,-8245.433629869065,-62.50980381291765,6808.171307521385,-8258.112020641234,-62.52860547423052,6802.33525194825,-8245.614959137347,-62.508129411336995,0.0,0.0,0.0,25.0,0.0,8754.0,0.0,0.0,0.0,8666.0,0.0,0.0,0.0
8743.0,8754.0,1621.0,1623.0,99610.0,99539.0,6801.250725999951,-8243.291327224128,-62.52195430371057,6802.2508560379065,-8245.433629869065,-62.50980381291765,6801.335088526454,-8243.471646146094,-62.522278481313606,0.0,0.0,0.0,25.0,0.0,8866.0,0.0,0.0,0.0,8673.0,17171.0,0.0,0.0
8755.0,8866.0,3969.0,1621.0,94091.0,99610.0,6791.850699049642,-8223.159463587577,-62.48282046642316,6801.250725999951,-8243.291327224128,-62.52195430371057,6791.935091514442,-8223.340789023314,-62.484145284068745,2.0,1.0,0.0,25.0,0.0,8869.0,0.0,0.0,0.0,8743.0,0.0,0.0,0.0
8867.0,8869.0,1598.0,3969.0,99623.0,94091.0,6791.679850888316,-8222.793834640212,-62.48016479419766,6791.850699049642,-8223.159463587577,-62.48282046642316,6791.764243354598,-8222.975171151904,-62.48148961405059,0.0,0.0,0.0,25.0,0.0,18973.0,8970.0,18124.0,0.0,8755.0,0.0,0.0,0.0
8870.0,8970.0,1578.0,1598.0,99627.0,99623.0,6783.222688225876,-8204.681497307147,-62.38072321264326,6791.679850888316,-8222.793834640212,-62.48016479419766,6783.308092172168,-8204.86284118157,-62.376048478046414,0.0,0.0,0.0,25.0,0.0,8985.0,0.0,0.0,0.0,8867.0,0.0,0.0,0.0
8971.0,8985.0,1575.0,1578.0,99729.0,99627.0,6781.969383194648,-8201.99810518125,-62.44192198532983,6783.222688225876,-8204.681497307147,-62.38072321264326,6782.054744554089,-8202.178428943938,-62.438245794023715,0.0,0.0,0.0,25.0,0.0,9072.0,0.0,0.0,0.0,8870.0,18353.0,0.0,0.0
8986.0,9072.0,2972.0,1575.0,94204.0,99729.0,6774.622339173918,-8186.24480815573,-62.416774248269576,6781.969383194648,-8201.99810518125,-62.44192198532983,6774.703768620463,-8186.428207234707,-62.41709731263836,2.0,1.0,0.0,25.0,0.0,9136.0,14668.0,0.0,0.0,8971.0,18397.0,0.0,0.0
9073.0,9136.0,737.0,2972.0,97884.0,94204.0,6778.419027753465,-8175.565945563655,-62.44503765565196,6774.622339173918,-8186.24480815573,-62.416774248269576,6778.243914323303,-8175.662228742784,-62.44397570740739,0.0,0.0,1.0,25.0,0.0,3824.0,0.0,0.0,0.0,8986.0,0.0,0.0,0.0
9137.0,9200.0,2105.0,744.0,102406.0,97847.0,6782.8140428068955,-8182.524448543254,-62.34467710514309,6772.078264896785,-8178.522716724625,-62.43711596716685,6782.7276783821535,-8182.344149971791,-62.3463528070306,0.0,0.0,1.0,25.0,0.0,9287.0,0.0,0.0,0.0,3739.0,0.0,0.0,0.0
9201.0,9287.0,3919.0,2104.0,95688.0,102406.0,6790.113890557107,-8198.15968681319,-62.35362225870904,6782.8140428068955,-8182.524448543254,-62.34467710514309,6790.029496116562,-8197.978347695162,-62.354298168784226,2.0,2.0,0.0,25.0,0.0,9393.0,18236.0,18746.0,0.0,9137.0,0.0,0.0,0.0
9288.0,9393.0,2066.0,2087.0,99745.0,95688.0,6799.053815386909,-8217.322636258425,-62.36192907661007,6790.113890557107,-8198.15968681319,-62.35362225870904,6798.969422861806,-8217.141299781866,-62.36060432177146,0.0,0.0,0.0,25.0,0.0,9404.0,0.0,0.0,0.0,9201.0,0.0,0.0,0.0
9394.0,9404.0,2064.0,2066.0,99852.0,99745.0,6799.957089364448,-8219.258812295926,-62.374399289284156,6799.053815386909,-8217.322636258425,-62.36192907661007,6799.872685494574,-8219.077474533819,-62.37407445561894,0.0,0.0,0.0,25.0,0.0,9517.0,0.0,0.0,0.0,9288.0,17840.0,0.0,0.0
9405.0,9517.0,2042.0,2064.0,95776.0,99852.0,6809.437588131759,-8239.578058847856,-62.44686193137841,6799.957089364448,-8219.258812295926,-62.374399289284156,6809.353217390815,-8239.397709346267,-62.4445377075408,2.0,2.0,0.0,25.0,0.0,9520.0,0.0,0.0,0.0,9394.0,17726.0,0.0,0.0
9518.0,9520.0,2041.0,3657.0,99864.0,95776.0,6809.617842169347,-8239.965476372256,-62.45055737985285,6809.437588131759,-8239.578058847856,-62.44686193137841,6809.533449401541,-8239.784151038917,-62.449231853691344,0.0,0.0,0.0,25.0,0.0,9525.0,17563.0,0.0,0.0,9405.0,0.0,0.0,0.0
9521.0,9525.0,2040.0,2041.0,99868.0,99864.0,6810.0407953300155,-8240.871154762033,-62.46218494004779,6809.617842169347,-8239.965476372256,-62.45055737985285,6809.956403604093,-8240.68979750763,-62.459859340664934,0.0,0.0,0.0,25.0,0.0,9606.0,17465.0,0.0,0.0,9518.0,0.0,0.0,0.0
9526.0,9606.0,2024.0,2040.0,99874.0,99868.0,6816.870947835097,-8255.5115641422,-62.517508895371066,6810.0407953300155,-8240.871154762033,-62.46218494004779,6816.786554885051,-8255.330227782899,-62.51618281296305,0.0,0.0,0.0,25.0,0.0,9704.0,0.0,0.0,0.0,9521.0,0.0,0.0,0.0
9607.0,9704.0,3104.0,2024.0,95890.0,99874.0,6825.1325313700945,-8273.216859724314,-62.55240015645404,6816.870947835097,-8255.5115641422,-62.517508895371066,6825.0471318559175,-8273.035522570726,-62.55207238356206,2.0,2.0,0.0,25.0,0.0,9756.0,15184.0,0.0,0.0,9526.0,16975.0,0.0,0.0
9705.0,9756.0,1994.0,3104.0,106367.0,95890.0,6832.292243549209,-8280.275812263479,-62.62526963116579,6825.1325313700945,-8273.216859724314,-62.55240015645404,6832.112654440095,-8280.188251323756,-62.624963092339385,0.0,0.0,2.0,25.0,0.0,9761.0,0.0,0.0,0.0,9607.0,0.0,0.0,0.0
9757.0,9761.0,1993.0,1994.0,99956.0,106367.0,6833.154443162223,-8280.779330821024,-62.631849913681435,6832.292243549209,-8280.275812263479,-62.62526963116579,6832.982604369148,-8280.678633485615,-62.63053449678182,0.0,0.0,0.0,25.0,0.0,14066.0,9811.0,0.0,0.0,9705.0,10653.0,0.0,0.0
9762.0,9811.0,1983.0,1993.0,99962.0,99956.0,6836.400090088574,-8289.5547020149,-62.65178455702471,6833.154443162223,-8280.779330821024,-62.631849913681435,6836.4413841584155,-8289.359011665869,-62.650573140915185,0.0,0.0,0.0,25.0,0.0,9826.0,0.0,0.0,0.0,13975.0,9757.0,0.0,0.0
9812.0,9826.0,1980.0,1983.0,100013.0,99962.0,6835.082130556886,-8292.22865821428,-62.648866677449405,6836.400090088574,-8289.5547020149,-62.65178455702471,6835.191931764711,-8292.061641489894,-62.64776601962785,0.0,0.0,0.0,25.0,0.0,9876.0,0.0,0.0,0.0,13922.0,9762.0,0.0,0.0
9827.0,9876.0,1969.0,1980.0,100029.0,100013.0,6826.231213953943,-8295.022898504816,-62.666044992727166,6835.082130556886,-8292.22865821428,-62.648866677449405,6826.425055091358,-8295.072213275995,-62.666316819246276,0.0,0.0,0.0,25.0,0.0,13358.0,9936.0,0.0,0.0,14217.0,9812.0,0.0,0.0
9877.0,9936.0,1957.0,1969.0,100080.0,100029.0,6820.934104320143,-8285.495558525821,-62.63093289147082,6826.231213953943,-8295.022898504816,-62.666044992727166,6820.898834190822,-8285.69217896153,-62.63015194039508,0.0,0.0,0.0,25.0,0.0,9987.0,10724.0,0.0,0.0,9827.0,0.0,0.0,0.0
9937.0,9987.0,1947.0,1957.0,106420.0,100080.0,6819.987167169769,-8275.741165329504,-62.54419093376055,6820.934104320143,-8285.495558525821,-62.63093289147082,6820.06759940649,-8275.924593902786,-62.54751613983353,0.0,0.0,2.0,25.0,0.0,10086.0,0.0,0.0,0.0,9877.0,13785.0,0.0,0.0
9988.0,10086.0,3600.0,1947.0,95989.0,106420.0,6811.676708938716,-8257.934913033036,-62.47511568211121,6819.987167169769,-8275.741165329504,-62.54419093376055,6811.761113165129,-8258.116250717692,-62.47544178292719,2.0,2.0,0.0,25.0,0.0,10088.0,17308.0,0.0,0.0,9937.0,15126.0,0.0,0.0
10087.0,10088.0,1927.0,3600.0,100141.0,95989.0,6811.54126156908,-8257.643574671156,-62.474591945941484,6811.676708938716,-8257.934913033036,-62.47511568211121,6811.625624311273,-8257.823915683704,-62.47491669559622,0.0,0.0,0.0,25.0,0.0,10168.0,17725.0,0.0,0.0,9988.0,0.0,0.0,0.0
10089.0,10168.0,1911.0,1927.0,100144.0,100141.0,6804.777865407431,-8243.1527702094,-62.461534376758664,6811.54126156908,-8257.643574671156,-62.474591945941484,6804.863234346813,-8243.333089957941,-62.46085966696228,0.0,0.0,0.0,25.0,0.0,10175.0,0.0,0.0,0.0,10087.0,0.0,0.0,0.0
10169.0,10175.0,1910.0,1911.0,100225.0,100144.0,6804.219450496911,-8241.955779357268,-62.46338401763387,6804.777865407431,-8243.1527702094,-62.461534376758664,6804.303813052037,-8242.136098265744,-62.46370819364574,0.0,0.0,0.0,25.0,0.0,10287.0,0.0,0.0,0.0,10089.0,17096.0,0.0,0.0
10176.0,10287.0,3944.0,1910.0,96089.0,100225.0,6794.787972547002,-8221.746554868667,-62.407116290504746,6804.219450496911,-8241.955779357268,-62.46338401763387,6794.872364603987,-8221.926905747696,-62.40843984385765,2.0,2.0,0.0,25.0,0.0,10289.0,0.0,0.0,0.0,10169.0,0.0,0.0,0.0
10288.0,10289.0,1887.0,3771.0,100233.0,96089.0,6794.633810991109,-8221.416612380464,-62.40352462488181,6794.787972547002,-8221.746554868667,-62.407116290504746,6794.719176494456,-8221.596939375799,-62.40584917502838,0.0,0.0,0.0,25.0,0.0,10394.0,18857.0,18082.0,0.0,10176.0,0.0,0.0,0.0
10290.0,10394.0,1866.0,1887.0,100236.0,100233.0,6785.758600289233,-8202.396464090509,-62.3474649798095,6794.633810991109,-8221.416612380464,-62.40352462488181,6785.842995766584,-8202.577804524726,-62.34578914311487,0.0,0.0,0.0,25.0,0.0,10404.0,0.0,0.0,0.0,10288.0,0.0,0.0,0.0
10395.0,10404.0,1864.0,1866.0,100342.0,100236.0,6784.923060608498,-8200.606878907234,-62.37126344306262,6785.758600289233,-8202.396464090509,-62.3474649798095,6785.00746632011,-8200.788219341306,-62.36958755665182,0.0,0.0,0.0,25.0,0.0,10491.0,0.0,0.0,0.0,10290.0,18550.0,0.0,0.0
10405.0,10491.0,2981.0,1864.0,96202.0,100342.0,6777.59780886528,-8184.897133602248,-62.368195117679534,6784.923060608498,-8200.606878907234,-62.37126344306262,6777.679219491462,-8185.079527488445,-62.3665168591142,2.0,2.0,0.0,25.0,0.0,10553.0,14706.0,0.0,0.0,10395.0,18439.0,0.0,0.0
10492.0,10553.0,734.0,2981.0,97920.0,96202.0,6781.136095143576,-8174.299075167468,-62.44729213649316,6777.59780886528,-8184.897133602248,-62.368195117679534,6780.963034076319,-8174.399287562864,-62.44723733976434,0.0,0.0,1.0,25.0,0.0,3849.0,0.0,0.0,0.0,10405.0,0.0,0.0,0.0
10554.0,10573.0,2135.0,1666.0,100353.0,99520.0,6819.347498388166,-8281.357123250513,-62.59083454871916,6817.823255763356,-8284.913609083507,-62.614848642490415,6819.245782756042,-8281.529008917987,-62.59195019321169,0.0,0.0,0.0,25.0,0.0,15155.0,10633.0,0.0,0.0,8517.0,0.0,0.0,0.0
10574.0,10633.0,2123.0,2135.0,100374.0,100353.0,6829.604446671681,-8276.317102885365,-62.60322769152026,6819.347498388166,-8281.357123250513,-62.59083454871916,6829.404379714764,-8276.309909386364,-62.60100419162518,0.0,0.0,0.0,25.0,0.0,10652.0,0.0,0.0,0.0,10554.0,0.0,0.0,0.0
10634.0,10652.0,1718.0,2123.0,106290.0,100374.0,6833.149523092512,-8277.18475232809,-62.61715453064835,6829.604446671681,-8276.317102885365,-62.60322769152026,6832.963243147455,-8277.114304326897,-62.616863166608255,0.0,0.0,0.0,25.0,0.0,8291.0,0.0,0.0,0.0,15156.0,10574.0,0.0,0.0
10653.0,10724.0,1994.0,1957.0,106367.0,100080.0,6832.292243549209,-8280.275812263479,-62.62526963116579,6820.934104320143,-8285.495558525821,-62.63093289147082,6832.106884541971,-8280.200347147258,-62.62497269905771,0.0,0.0,0.0,25.0,0.0,9761.0,0.0,0.0,0.0,13785.0,9877.0,0.0,0.0
10725.0,10798.0,2227.0,2242.0,102534.0,97340.0,6825.967306495197,-8243.69899727099,-62.515874458172675,6831.451336997696,-8231.742812658686,-62.47722050637094,6826.148665964258,-8243.614597389342,-62.513958798483145,0.0,0.0,1.0,25.0,0.0,10822.0,0.0,0.0,0.0,4142.0,0.0,0.0,0.0
10799.0,10822.0,3551.0,2227.0,92177.0,102534.0,6821.6807314388025,-8245.7012697516,-62.522892405523635,6825.967306495197,-8243.69899727099,-62.515874458172675,6821.862066786489,-8245.615880415131,-62.52397529150221,1.0,1.0,0.0,25.0,1.0,10845.0,17095.0,0.0,0.0,10725.0,14849.0,14820.0,0.0
10823.0,10845.0,2218.0,3551.0,100528.0,92177.0,6817.654799219778,-8247.580734471037,-62.4840326245926,6821.6807314388025,-8245.7012697516,-62.522892405523635,6817.835128690703,-8247.496329956575,-62.48611557809227,0.0,0.0,0.0,25.0,0.0,10930.0,17170.0,0.0,0.0,10799.0,0.0,0.0,0.0
10846.0,10930.0,2201.0,2218.0,100552.0,100528.0,6802.259274710474,-8254.768992118108,-62.55595085440382,6817.654799219778,-8247.580734471037,-62.4840326245926,6802.440605795806,-8254.684595143883,-62.552034345359516,0.0,0.0,0.0,25.0,0.0,10937.0,0.0,0.0,0.0,10823.0,0.0,0.0,0.0
10931.0,10937.0,2200.0,2201.0,100638.0,100552.0,6801.132630021448,-8255.295045121451,-62.57343442715046,6802.259274710474,-8254.768992118108,-62.55595085440382,6801.313958986932,-8255.210645558705,-62.571517876593134,0.0,0.0,0.0,25.0,0.0,10972.0,0.0,0.0,0.0,10846.0,17376.0,17253.0,0.0
10938.0,10972.0,2193.0,3579.0,92202.0,100638.0,6794.877133380079,-8258.216183678147,-62.59057177331988,6801.132630021448,-8255.295045121451,-62.57343442715046,6795.0584705412375,-8258.131781584923,-62.5906550123068,1.0,1.0,0.0,25.0,1.0,10977.0,16146.0,0.0,0.0,10931.0,17211.0,0.0,0.0
10973.0,10977.0,2192.0,2193.0,100646.0,92202.0,6794.109184095676,-8258.575563918328,-62.58822185216559,6794.877133380079,-8258.216183678147,-62.59057177331988,6794.2905197572945,-8258.490174914541,-62.589303781435774,0.0,0.0,0.0,25.0,0.0,11054.0,15816.0,0.0,0.0,10938.0,0.0,0.0,0.0
10978.0,11054.0,2177.0,2192.0,100652.0,100646.0,6780.299231054936,-8265.023264437561,-62.54692899622523,6794.109184095676,-8258.575563918328,-62.58822185216559,6780.480568385415,-8264.938873594825,-62.547011745125474,0.0,0.0,0.0,25.0,0.0,11088.0,0.0,0.0,0.0,10973.0,0.0,0.0,0.0
11055.0,11088.0,2170.0,3341.0,92238.0,100652.0,6774.163618811713,-8267.888160706949,-62.555145204931705,6780.299231054936,-8265.023264437561,-62.54692899622523,6774.344986994368,-8267.80379207385,-62.555227804349215,1.0,1.0,0.0,25.0,1.0,11093.0,0.0,0.0,0.0,10978.0,16194.0,16147.0,0.0
11089.0,11093.0,2169.0,2170.0,100730.0,92238.0,6773.279751611411,-8268.299716490877,-62.554743280361436,6774.163618811713,-8267.888160706949,-62.555145204931705,6773.4610787656675,-8268.215325737552,-62.55482577687371,0.0,0.0,0.0,25.0,0.0,14404.0,11162.0,0.0,0.0,11055.0,0.0,0.0,0.0
11094.0,11162.0,421.0,2169.0,97575.0,100730.0,6761.565411608947,-8264.138654090963,-62.563899519228926,6773.279751611411,-8268.299716490877,-62.554743280361436,6761.663649266602,-8264.312730823689,-62.56523033580697,0.0,0.0,1.0,25.0,0.0,3210.0,0.0,0.0,0.0,11089.0,0.0,0.0,0.0
11163.0,11233.0,2316.0,2330.0,102679.0,90652.0,6772.691661275628,-8264.898105417291,-62.53968740495384,6767.1548903354715,-8276.123588839375,-62.56444526902396,6772.510334165092,-8264.982507236173,-62.53960490058216,0.0,0.0,1.0,25.0,0.0,11268.0,0.0,0.0,0.0,2984.0,0.0,0.0,0.0
11234.0,11268.0,3273.0,2316.0,92273.0,102679.0,6778.859999604614,-8262.018623721508,-62.5124868753428,6772.691661275628,-8264.898105417291,-62.53968740495384,6778.678661241779,-8262.103024317152,-62.513404145323875,1.0,1.0,0.0,25.0,1.0,11349.0,15893.0,16071.0,0.0,11163.0,14405.0,0.0,0.0
11269.0,11349.0,2293.0,2309.0,100736.0,92273.0,6793.456732512199,-8255.204147293667,-62.58314005109696,6778.859999604614,-8262.018623721508,-62.5124868753428,6793.276390417654,-8255.28853784438,-62.583057861541874,0.0,0.0,0.0,25.0,0.0,11384.0,0.0,0.0,0.0,11234.0,0.0,0.0,0.0
11350.0,11384.0,2286.0,2293.0,92309.0,100736.0,6799.701341035823,-8252.289221073617,-62.56199917264894,6793.456732512199,-8255.204147293667,-62.58314005109696,6799.52001316308,-8252.373621918468,-62.56291573267117,1.0,1.0,0.0,25.0,1.0,11405.0,17210.0,0.0,0.0,11269.0,15945.0,15894.0,0.0
11385.0,11405.0,2282.0,2286.0,100818.0,92309.0,6803.3647083631495,-8250.579689051763,-62.51168051833656,6799.701341035823,-8252.289221073617,-62.56199917264894,6803.183378397095,-8250.664087341444,-62.51459694873347,0.0,0.0,0.0,25.0,0.0,11490.0,17055.0,0.0,0.0,11350.0,0.0,0.0,0.0
11406.0,11490.0,2265.0,2282.0,100840.0,100818.0,6818.760208106523,-8243.39236445491,-62.487770953646304,6803.3647083631495,-8250.579689051763,-62.51168051833656,6818.578881510897,-8243.476766832615,-62.48768685484083,0.0,0.0,0.0,25.0,0.0,11495.0,0.0,0.0,0.0,11385.0,0.0,0.0,0.0
11491.0,11495.0,2264.0,2265.0,100926.0,100840.0,6819.665876360448,-8242.969400577322,-62.488189271412466,6818.760208106523,-8243.39236445491,-62.487770953646304,6819.484539960347,-8243.054788588226,-62.488106411622994,0.0,0.0,0.0,25.0,0.0,11499.0,0.0,0.0,0.0,11406.0,17510.0,0.0,0.0
11496.0,11499.0,3636.0,2264.0,100932.0,100926.0,6820.2762750784705,-8242.684979184038,-62.48747213416482,6819.665876360448,-8242.969400577322,-62.488189271412466,6820.094948497291,-8242.769381579707,-62.487387983494955,0.0,0.0,0.0,25.0,0.0,11524.0,0.0,0.0,0.0,11491.0,17631.0,0.0,0.0
11500.0,11524.0,3012.0,3636.0,92345.0,100932.0,6824.633217790407,-8240.651391386633,-62.479488778963514,6820.2762750784705,-8242.684979184038,-62.48747213416482,6824.451891257856,-8240.735793834881,-62.479404476986474,1.0,1.0,0.0,25.0,1.0,11598.0,14819.0,0.0,0.0,11496.0,17466.0,0.0,0.0
11525.0,11598.0,2244.0,3012.0,97273.0,92345.0,6837.096129123067,-8243.853600817058,-62.50398909206751,6824.633217790407,-8240.651391386633,-62.479488778963514,6837.001848398788,-8243.677472710617,-62.50365924947937,0.0,0.0,1.0,25.0,0.0,2301.0,0.0,0.0,0.0,11500.0,0.0,0.0,0.0
11599.0,11646.0,2405.0,2415.0,106472.0,89838.0,6752.691997951952,-8221.616220993024,-62.460263533535,6744.553720987982,-8219.801729159062,-62.45630613050207,6752.510672304434,-8221.700623871253,-62.45918102355927,0.0,0.0,2.0,25.0,0.0,11680.0,0.0,0.0,0.0,682.0,0.0,0.0,0.0
11647.0,11680.0,3401.0,2405.0,94418.0,106472.0,6758.770965809926,-8218.770344831344,-62.474012245415,6752.691997951952,-8221.616220993024,-62.460263533535,6758.5906034323225,-8218.854723906059,-62.47393051470726,2.0,1.0,2.0,25.0,0.0,11686.0,16427.0,0.0,0.0,11599.0,0.0,0.0,0.0
11681.0,11686.0,2397.0,2398.0,100937.0,94418.0,6759.802437104547,-8218.28704308926,-62.471478798195676,6758.770965809926,-8218.770344831344,-62.474012245415,6759.621131441612,-8218.372430366579,-62.47139733912036,0.0,0.0,0.0,25.0,0.0,19015.0,11752.0,0.0,0.0,11647.0,0.0,0.0,0.0
11687.0,11752.0,2384.0,2397.0,100944.0,100937.0,6771.570024402551,-8212.778698574408,-62.41882287049066,6759.802437104547,-8218.28704308926,-62.471478798195676,6771.388724186124,-8212.864125689368,-62.413741054294405,0.0,0.0,0.0,25.0,0.0,11765.0,0.0,0.0,0.0,11681.0,0.0,0.0,0.0
11753.0,11765.0,2382.0,2384.0,101011.0,100944.0,6773.876703138923,-8211.69844624386,-62.45887293140504,6771.570024402551,-8212.778698574408,-62.41882287049066,6773.696393735556,-8211.783834538901,-62.457792041574066,0.0,0.0,0.0,25.0,0.0,11796.0,0.0,0.0,0.0,11687.0,16861.0,0.0,0.0
11766.0,11796.0,3850.0,2381.0,94292.0,101011.0,6779.341398014742,-8209.141141355976,-62.426366935836995,6773.876703138923,-8211.69844624386,-62.45887293140504,6779.160030576729,-8209.22554327966,-62.426283458645685,2.0,1.0,0.0,25.0,0.0,11894.0,17954.0,18438.0,0.0,11753.0,0.0,0.0,0.0
11797.0,11894.0,2356.0,3741.0,101025.0,94292.0,6796.914428049296,-8200.914115473546,-62.3774213940369,6779.341398014742,-8209.141141355976,-62.426366935836995,6796.733094763068,-8200.998488252202,-62.37433730026896,0.0,0.0,0.0,25.0,0.0,11911.0,0.0,0.0,0.0,11766.0,0.0,0.0,0.0
11895.0,11911.0,2353.0,2356.0,101124.0,101025.0,6799.89095489562,-8199.521304552842,-62.42579247476624,6796.914428049296,-8200.914115473546,-62.3774213940369,6799.709619514928,-8199.60567478135,-62.42470827648094,0.0,0.0,0.0,25.0,0.0,11937.0,0.0,0.0,0.0,11797.0,18706.0,0.0,0.0
11912.0,11937.0,2988.0,2353.0,94324.0,101124.0,6804.463964158428,-8197.389639522928,-62.42591272358686,6799.89095489562,-8199.521304552842,-62.42579247476624,6804.280542518407,-8197.47007676719,-62.42682106425946,2.0,1.0,0.0,25.0,0.0,12016.0,14733.0,0.0,0.0,11895.0,18665.0,0.0,0.0
11938.0,12016.0,677.0,2988.0,97978.0,94324.0,6817.69441104016,-8202.222751401096,-62.44327977786588,6804.463964158428,-8197.389639522928,-62.42591272358686,6817.600097430011,-8202.045601750888,-62.444950026218976,0.0,0.0,1.0,25.0,0.0,4126.0,0.0,0.0,0.0,11912.0,0.0,0.0,0.0
12017.0,12091.0,2489.0,828.0,102906.0,97654.0,6754.038384936117,-8224.569723990358,-62.42351597018205,6749.00610894878,-8237.21009496934,-62.48958889177038,6753.860159887608,-8224.660061352186,-62.422444435174384,0.0,0.0,1.0,25.0,0.0,12125.0,0.0,0.0,0.0,3321.0,0.0,0.0,0.0
12092.0,12125.0,3413.0,2489.0,96416.0,102906.0,6760.128120623938,-8221.713678058042,-62.427262854186665,6754.038384936117,-8224.569723990358,-62.42351597018205,6759.946825175637,-8221.799065335164,-62.427181444442795,2.0,2.0,1.0,25.0,0.0,12206.0,16524.0,16741.0,0.0,12017.0,0.0,0.0,0.0
12126.0,12206.0,2466.0,2482.0,101142.0,96416.0,6774.746254955587,-8214.86294286309,-62.4028921116751,6760.128120623938,-8221.713678058042,-62.427262854186665,6774.5649203189505,-8214.947347307207,-62.40080887456452,0.0,0.0,0.0,25.0,0.0,12209.0,0.0,0.0,0.0,12092.0,0.0,0.0,0.0
12207.0,12209.0,3508.0,2466.0,101224.0,101142.0,6775.23774346195,-8214.632718092558,-62.40311585395102,6774.746254955587,-8214.86294286309,-62.4028921116751,6775.056386189738,-8214.717108888146,-62.40303256177003,0.0,0.0,0.0,25.0,0.0,12240.0,0.0,0.0,0.0,12126.0,16900.0,0.0,0.0
12210.0,12240.0,3840.0,3508.0,96290.0,101224.0,6780.734038421079,-8212.056851501286,-62.36861939283108,6775.23774346195,-8214.632718092558,-62.40311585395102,6780.552699589613,-8212.141217617513,-62.37053590129108,2.0,2.0,0.0,25.0,0.0,12347.0,17839.0,18396.0,0.0,12207.0,0.0,0.0,0.0
12241.0,12347.0,2438.0,3716.0,101228.0,96290.0,6800.086463056043,-8202.987396014989,-62.36748071339298,6780.734038421079,-8212.056851501286,-62.36861939283108,6799.90512870902,-8203.071789688342,-62.365396585720646,0.0,0.0,0.0,25.0,0.0,12354.0,0.0,0.0,0.0,12210.0,0.0,0.0,0.0
12348.0,12354.0,3921.0,2438.0,101336.0,101228.0,6801.289365476762,-8202.423849349501,-62.380034141987835,6800.086463056043,-8202.987396014989,-62.36748071339298,6801.107999306716,-8202.508252832225,-62.37894995379338,0.0,0.0,0.0,25.0,0.0,12380.0,0.0,0.0,0.0,12241.0,18858.0,0.0,0.0
12355.0,12380.0,2996.0,3921.0,96322.0,101336.0,6805.8752445062055,-8200.285962760527,-62.38216010777796,6801.289365476762,-8202.423849349501,-62.380034141987835,6805.692797970566,-8200.365382032467,-62.38206816535694,2.0,2.0,0.0,25.0,0.0,12457.0,14763.0,0.0,0.0,12348.0,18747.0,0.0,0.0
12381.0,12457.0,674.0,2996.0,98034.0,96322.0,6818.960369927965,-8204.93987930296,-62.40714529730121,6805.8752445062055,-8200.285962760527,-62.38216010777796,6818.865082667603,-8204.76473456018,-62.40881700196405,0.0,0.0,1.0,25.0,0.0,4141.0,0.0,0.0,0.0,12355.0,0.0,0.0,0.0
12458.0,12498.0,2579.0,2587.0,106521.0,94480.0,6809.788307359195,-8208.302978793276,-62.4257006922594,6817.166170965992,-8209.019351173596,-62.36450474889034,6809.968641755011,-8208.218614073168,-62.42278399494671,0.0,0.0,2.0,25.0,0.0,12524.0,0.0,0.0,0.0,69.0,0.0,0.0,0.0
12499.0,12524.0,2574.0,2579.0,94453.0,106521.0,6805.168062414305,-8210.474536212474,-62.398581502423895,6809.788307359195,-8208.302978793276,-62.4257006922594,6805.349398507125,-8210.389159444148,-62.39866440806463,2.0,1.0,2.0,25.0,0.0,12624.0,18664.0,18038.0,0.0,12458.0,14764.0,0.0,0.0
12525.0,12624.0,2554.0,2574.0,101344.0,94453.0,6787.129949156533,-8218.951332225228,-62.42934554492831,6805.168062414305,-8210.474536212474,-62.398581502423895,6787.310253628676,-8218.86595025019,-62.42542671325873,0.0,0.0,0.0,25.0,0.0,12639.0,0.0,0.0,0.0,12499.0,0.0,0.0,0.0
12625.0,12639.0,2551.0,2554.0,101445.0,101344.0,6784.595323749776,-8220.141735956144,-62.47419239487226,6787.129949156533,-8218.951332225228,-62.42934554492831,6784.776694480363,-8220.057337854212,-62.47127588563626,0.0,0.0,0.0,25.0,0.0,12670.0,0.0,0.0,0.0,12525.0,18039.0,0.0,0.0
12640.0,12670.0,3436.0,2551.0,94351.0,101445.0,6779.00009409684,-8222.771510717506,-62.485653539333725,6784.595323749776,-8220.141735956144,-62.47419239487226,6779.181421265817,-8222.68609127061,-62.48473546902096,2.0,1.0,0.0,25.0,0.0,12681.0,16594.0,0.0,0.0,12625.0,18083.0,0.0,0.0
12671.0,12681.0,2543.0,2545.0,101461.0,94351.0,6777.179943334104,-8223.62661285944,-62.4718284229607,6779.00009409684,-8222.771510717506,-62.485653539333725,6777.36028303057,-8223.542242053563,-62.473910604396224,0.0,0.0,0.0,25.0,0.0,12746.0,16309.0,0.0,0.0,12640.0,0.0,0.0,0.0
12682.0,12746.0,2530.0,2543.0,101473.0,101461.0,6765.4207519261345,-8229.152844491897,-62.46351543549599,6777.179943334104,-8223.62661285944,-62.4718284229607,6765.6010863425945,-8229.067461473809,-62.4605958868724,0.0,0.0,0.0,25.0,0.0,12755.0,0.0,0.0,0.0,12671.0,0.0,0.0,0.0
12747.0,12755.0,2528.0,2530.0,101539.0,101473.0,6763.8294450858675,-8229.900617723757,-62.48579844549204,6765.4207519261345,-8229.152844491897,-62.46351543549599,6764.009788716374,-8229.81523342487,-62.48387885095008,0.0,0.0,0.0,25.0,0.0,12789.0,0.0,0.0,0.0,12682.0,16742.0,0.0,0.0
12756.0,12789.0,2933.0,2528.0,94383.0,101539.0,6757.762393128408,-8232.738314913791,-62.44005186903496,6763.8294450858675,-8229.900617723757,-62.48579844549204,6757.944806966596,-8232.657885879627,-62.44214069255986,2.0,1.0,0.0,25.0,0.0,12865.0,14507.0,0.0,0.0,12747.0,0.0,0.0,0.0
12790.0,12865.0,818.0,2932.0,97685.0,94383.0,6744.781461426895,-8228.152291746057,-62.48637004295233,6757.762393128408,-8232.738314913791,-62.44005186903496,6744.878705741232,-8228.326393790883,-62.48569859539157,0.0,0.0,1.0,25.0,0.0,3415.0,0.0,0.0,0.0,12756.0,0.0,0.0,0.0
12866.0,12943.0,2663.0,688.0,103137.0,97967.0,6808.388710499007,-8205.43852976921,-62.395502364756794,6813.0497753604795,-8192.257250838942,-62.427444978799485,6808.563827283555,-8205.342250115977,-62.39356469113136,0.0,0.0,1.0,25.0,0.0,12969.0,0.0,0.0,0.0,4047.0,0.0,0.0,0.0
12944.0,12969.0,2658.0,2663.0,96451.0,103137.0,6803.782230955035,-8207.596851850532,-62.36438075950218,6808.388710499007,-8205.43852976921,-62.395502364756794,6803.962560028992,-8207.512447510275,-62.3664638496366,2.0,2.0,1.0,25.0,0.0,13074.0,18549.0,17995.0,0.0,12866.0,0.0,0.0,0.0
12970.0,13074.0,2637.0,3751.0,101549.0,96451.0,6784.861578330566,-8216.452171257106,-62.391696616467016,6803.782230955035,-8207.596851850532,-62.36438075950218,6785.0429058563905,-8216.367770577872,-62.39078011795391,0.0,0.0,0.0,25.0,0.0,13084.0,0.0,0.0,0.0,12944.0,0.0,0.0,0.0
13075.0,13084.0,3783.0,2637.0,101655.0,101549.0,6783.203845680529,-8217.228197217151,-62.402939247012,6784.861578330566,-8216.452171257106,-62.391696616467016,6783.385181354669,-8217.143793962918,-62.40402270016193,0.0,0.0,0.0,25.0,0.0,13115.0,0.0,0.0,0.0,12970.0,18237.0,0.0,0.0
13085.0,13115.0,2629.0,2635.0,96349.0,101655.0,6777.620303138709,-8219.841765037147,-62.405391809676985,6783.203845680529,-8217.228197217151,-62.402939247012,6777.801660453078,-8219.75736313673,-62.4054750913956,2.0,2.0,0.0,25.0,0.0,13199.0,16690.0,16363.0,0.0,13075.0,18125.0,0.0,0.0
13116.0,13199.0,3482.0,2629.0,101666.0,96349.0,6762.476902212595,-8226.930379132216,-62.407513080802346,6777.620303138709,-8219.841765037147,-62.405391809676985,6762.658207965706,-8226.844991820788,-62.40759450462974,0.0,0.0,0.0,25.0,0.0,13233.0,0.0,0.0,0.0,13085.0,0.0,0.0,0.0
13200.0,13233.0,2945.0,3482.0,96381.0,101666.0,6756.404617437038,-8229.760110073647,-62.40875065494947,6762.476902212595,-8226.930379132216,-62.407513080802346,6756.58802946384,-8229.679673427072,-62.40784051860692,2.0,2.0,0.0,25.0,0.0,13308.0,14555.0,0.0,0.0,13116.0,16781.0,0.0,0.0
13234.0,13308.0,815.0,2944.0,97736.0,96381.0,6743.513561685018,-8225.435272195076,-62.47750732742634,6756.404617437038,-8229.760110073647,-62.40875065494947,6743.620721185882,-8225.604173334843,-62.47883952257553,0.0,0.0,1.0,25.0,0.0,3439.0,0.0,0.0,0.0,13200.0,0.0,0.0,0.0
13309.0,13358.0,3076.0,1969.0,106563.0,100029.0,6816.545641327905,-8295.013989870033,-62.63867996527733,6826.231213953943,-8295.022898504816,-62.666044992727166,6816.730109642467,-8294.936539492524,-62.63977576660545,0.0,0.0,2.0,25.0,0.0,13379.0,0.0,0.0,0.0,9827.0,0.0,0.0,0.0
13359.0,13379.0,2717.0,2721.0,92371.0,106563.0,6812.8512048635,-8296.716237198805,-62.60696021325248,6816.545641327905,-8295.013989870033,-62.63867996527733,6813.032531063189,-8296.631833589274,-62.60804344154894,1.0,1.0,0.0,25.0,1.0,13381.0,0.0,0.0,0.0,13309.0,15072.0,0.0,0.0
13380.0,13381.0,2717.0,2717.0,101751.0,92371.0,6812.584629731517,-8296.839218185652,-62.60583642731717,6812.8512048635,-8296.716237198805,-62.60696021325248,6812.7659661947355,-8296.754814575366,-62.606919656200716,0.0,0.0,0.0,25.0,0.0,13386.0,15367.0,0.0,0.0,13359.0,0.0,0.0,0.0
13382.0,13386.0,2716.0,2717.0,101754.0,101751.0,6811.677950136724,-8297.260221288187,-62.59741905113242,6812.584629731517,-8296.839218185652,-62.60583642731717,6811.859276349378,-8297.175817692489,-62.598502236113745,0.0,0.0,0.0,25.0,0.0,13456.0,15657.0,0.0,0.0,13380.0,0.0,0.0,0.0
13387.0,13456.0,2702.0,2716.0,101760.0,101754.0,6798.988006573317,-8303.153880185157,-62.598595710599966,6811.677950136724,-8297.260221288187,-62.59741905113242,6799.169376107629,-8303.069512565879,-62.59767854875918,0.0,0.0,0.0,25.0,0.0,13460.0,0.0,0.0,0.0,13382.0,0.0,0.0,0.0
13457.0,13460.0,3219.0,2702.0,101831.0,101760.0,6798.300301542678,-8303.473780715003,-62.60228167066907,6798.988006573317,-8303.153880185157,-62.598595710599966,6798.481671071975,-8303.389379879727,-62.60136444086447,0.0,0.0,0.0,25.0,0.0,13495.0,0.0,0.0,0.0,13387.0,15704.0,15658.0,0.0
13461.0,13495.0,2694.0,2701.0,92393.0,101831.0,6792.041535994948,-8306.37996884669,-62.619420921556866,6798.300301542678,-8303.473780715003,-62.60228167066907,6792.221878720515,-8306.295600465011,-62.619502426763574,1.0,1.0,0.0,25.0,1.0,13497.0,0.0,0.0,0.0,13457.0,0.0,0.0,0.0
13496.0,13497.0,2694.0,2694.0,101836.0,92393.0,6791.736333277344,-8306.521700794117,-62.62128163141824,6792.041535994948,-8306.37996884669,-62.619420921556866,6791.917661847417,-8306.437300057716,-62.62036413050009,0.0,0.0,0.0,25.0,0.0,13568.0,14318.0,0.0,0.0,13461.0,0.0,0.0,0.0
13498.0,13568.0,2680.0,2694.0,97499.0,101836.0,6779.79234189283,-8303.219637529384,-62.62425894170474,6791.736333277344,-8306.521700794117,-62.62128163141824,6779.887618431686,-8303.395777913065,-62.623590662258266,0.0,0.0,1.0,25.0,0.0,3133.0,0.0,0.0,0.0,13496.0,0.0,0.0,0.0
13569.0,13646.0,2768.0,479.0,103364.0,97494.0,6790.601609037706,-8303.392279322257,-62.62297806771858,6786.067326387958,-8316.674096467583,-62.63054936864546,6790.424442290975,-8303.485608027722,-62.62091167153176,0.0,0.0,1.0,25.0,0.0,13681.0,0.0,0.0,0.0,2905.0,0.0,0.0,0.0
13647.0,13681.0,2762.0,2768.0,92429.0,103364.0,6796.781429057995,-8300.486608265099,-62.59375534447645,6790.601609037706,-8303.392279322257,-62.62297806771858,6796.600101024373,-8300.571983605842,-62.594673904481624,1.0,1.0,0.0,25.0,1.0,13684.0,0.0,0.0,0.0,13569.0,14319.0,0.0,0.0
13682.0,13684.0,2761.0,2761.0,101839.0,92429.0,6797.158966334163,-8300.310533851938,-62.59292713587229,6796.781429057995,-8300.486608265099,-62.59375534447645,6796.977638918454,-8300.394902738566,-62.59284436340613,0.0,0.0,0.0,25.0,0.0,13689.0,15589.0,0.0,0.0,13647.0,0.0,0.0,0.0
13685.0,13689.0,2760.0,2761.0,101843.0,101839.0,6798.06361447941,-8299.886599846646,-62.59133623620164,6797.158966334163,-8300.310533851938,-62.59292713587229,6797.882277270152,-8299.97198758971,-62.59125475365454,0.0,0.0,0.0,25.0,0.0,13759.0,15432.0,0.0,0.0,13682.0,0.0,0.0,0.0
13690.0,13759.0,2746.0,2760.0,101849.0,101843.0,6810.737863257616,-8293.957244446588,-62.582097350753884,6798.06361447941,-8299.886599846646,-62.59133623620164,6810.556537515922,-8294.042622572106,-62.581015427869715,0.0,0.0,0.0,25.0,0.0,13763.0,0.0,0.0,0.0,13685.0,0.0,0.0,0.0
13760.0,13763.0,3165.0,2746.0,101920.0,101849.0,6811.403729096178,-8293.64574297442,-62.59040089334712,6810.737863257616,-8293.957244446588,-62.582097350753884,6811.2233994778035,-8293.731121964822,-62.588320010679126,0.0,0.0,0.0,25.0,0.0,13784.0,0.0,0.0,0.0,13690.0,15476.0,15433.0,0.0
13764.0,13784.0,2741.0,2745.0,92465.0,101920.0,6815.094702918256,-8291.919585489752,-62.607085665964405,6811.403729096178,-8293.64574297442,-62.59040089334712,6814.91336546225,-8292.003987821854,-62.60700230514067,1.0,1.0,0.0,25.0,1.0,13829.0,15125.0,0.0,0.0,13760.0,0.0,0.0,0.0
13785.0,13829.0,1957.0,2741.0,100080.0,92465.0,6820.934104320143,-8285.495558525821,-62.63093289147082,6815.094702918256,-8291.919585489752,-62.607085665964405,6820.868711647068,-8285.68474934127,-62.63111004276243,0.0,0.0,2.0,25.0,0.0,10724.0,9987.0,0.0,0.0,13764.0,0.0,0.0,0.0
13830.0,13900.0,2800.0,2814.0,103443.0,92622.0,6847.368875428117,-8280.707747585995,-62.589992917184645,6852.642397469421,-8269.51229570101,-62.51705291634926,6847.551264090421,-8280.625320841256,-62.58608105047006,0.0,0.0,1.0,25.0,0.0,13911.0,0.0,0.0,0.0,4574.0,0.0,0.0,0.0
13901.0,13911.0,2798.0,2800.0,101925.0,103443.0,6845.430168206021,-8281.586005143083,-62.63305923220287,6847.368875428117,-8280.707747585995,-62.589992917184645,6845.6115289392455,-8281.503609502553,-62.63114623884212,0.0,0.0,0.0,25.0,0.0,13921.0,0.0,0.0,0.0,13830.0,14959.0,0.0,0.0
13912.0,13921.0,2796.0,2798.0,101937.0,101925.0,6843.727357730228,-8282.356901343273,-62.64123905046608,6845.430168206021,-8281.586005143083,-62.63305923220287,6843.909721621863,-8282.274469433192,-62.641327030247794,0.0,0.0,0.0,25.0,0.0,13974.0,15041.0,0.0,0.0,13901.0,0.0,0.0,0.0
13922.0,13974.0,1983.0,2796.0,99962.0,101937.0,6836.400090088574,-8289.5547020149,-62.65178455702471,6843.727357730228,-8282.356901343273,-62.64123905046608,6836.479602652427,-8289.371299221544,-62.64963013508077,0.0,0.0,2.0,25.0,0.0,9826.0,0.0,0.0,0.0,13912.0,0.0,0.0,0.0
13975.0,14024.0,1993.0,1725.0,99956.0,99266.0,6833.154443162223,-8280.779330821024,-62.631849913681435,6828.28245891673,-8272.324563720587,-62.59760657687502,6832.99134819685,-8280.664443257054,-62.63052534028793,0.0,0.0,2.0,25.0,0.0,9811.0,14066.0,0.0,0.0,8234.0,0.0,0.0,0.0
14025.0,14066.0,3042.0,1993.0,106765.0,99956.0,6841.087019740035,-8279.853722644773,-62.636141062148454,6833.154443162223,-8280.779330821024,-62.631849913681435,6840.905619669945,-8279.935135241922,-62.636052834685415,0.0,0.0,2.0,25.0,0.0,14154.0,14958.0,0.0,0.0,9757.0,13975.0,0.0,0.0
14067.0,14154.0,2816.0,3042.0,97352.0,106765.0,6855.659402309928,-8284.05911794245,-62.364268408943644,6841.087019740035,-8279.853722644773,-62.636141062148454,6855.583942797474,-8283.874598712553,-62.37194645439831,0.0,0.0,1.0,25.0,0.0,2655.0,0.0,0.0,0.0,14025.0,14897.0,0.0,0.0
14155.0,14196.0,2868.0,264.0,106808.0,94783.0,6846.785782190918,-8284.501303468545,-62.63631922295281,6853.369045829668,-8287.862861791347,-62.47077560052048,6846.978732475,-8284.449694487532,-62.63045885641941,0.0,0.0,2.0,25.0,0.0,14216.0,0.0,0.0,0.0,1665.0,0.0,0.0,0.0
14197.0,14216.0,2864.0,2868.0,101948.0,106808.0,6843.144000444688,-8286.137503506812,-62.65954943393126,6846.785782190918,-8284.501303468545,-62.63631922295281,6843.326385986661,-8286.055095049118,-62.65863740219038,0.0,0.0,0.0,25.0,0.0,15071.0,14268.0,0.0,0.0,14155.0,0.0,0.0,0.0
14217.0,14268.0,1980.0,2864.0,100013.0,101948.0,6835.082130556886,-8292.22865821428,-62.648866677449405,6843.144000444688,-8286.137503506812,-62.65954943393126,6835.201053340251,-8292.068457845346,-62.648784698506006,0.0,0.0,2.0,25.0,0.0,9876.0,0.0,0.0,0.0,14197.0,0.0,0.0,0.0
14269.0,14318.0,358.0,2694.0,97028.0,101836.0,6788.914681082835,-8314.8439483103,-62.62217936881734,6791.736333277344,-8306.521700794117,-62.62128163141824,6788.841199939212,-8314.658397328556,-62.62185804613455,0.0,0.0,2.0,25.0,0.0,1383.0,0.0,0.0,0.0,13496.0,0.0,0.0,0.0
14319.0,14364.0,2768.0,2899.0,103364.0,90119.0,6790.601609037706,-8303.392279322257,-62.62297806771858,6782.791200147647,-8301.734572494239,-62.57750248025059,6790.419224692259,-8303.473704134929,-62.62189054416376,0.0,0.0,2.0,25.0,0.0,13681.0,0.0,0.0,0.0,1156.0,0.0,0.0,0.0
14365.0,14404.0,402.0,2169.0,96953.0,100730.0,6770.195152729623,-8274.770576870396,-62.596905459572554,6773.279751611411,-8268.299716490877,-62.554743280361436,6770.143517171398,-8274.576642435619,-62.59759777122463,0.0,0.0,2.0,25.0,0.0,1304.0,0.0,0.0,0.0,11089.0,0.0,0.0,0.0
14405.0,14456.0,2316.0,417.0,102679.0,96949.0,6772.691661275628,-8264.898105417291,-62.53968740495384,6763.958124137831,-8261.418465090908,-62.55689293296609,6772.498780325332,-8264.952733478543,-62.5395538566313,0.0,0.0,2.0,25.0,0.0,11268.0,0.0,0.0,0.0,1079.0,0.0,0.0,0.0
14457.0,14507.0,2922.0,2932.0,96928.0,94383.0,6754.461732675779,-8241.052578323772,-62.473350502875746,6757.762393128408,-8232.738314913791,-62.44005186903496,6754.391205749061,-8240.864965997589,-62.47303218612387,0.0,0.0,2.0,25.0,0.0,1078.0,0.0,0.0,0.0,12756.0,0.0,0.0,0.0
14508.0,14555.0,27.0,2944.0,96829.0,96381.0,6752.8176624500375,-8237.52495364618,-62.47902987633188,6756.404617437038,-8229.760110073647,-62.40875065494947,6752.763031249438,-8237.332026959648,-62.480721605900726,0.0,0.0,2.0,25.0,0.0,968.0,0.0,0.0,0.0,13200.0,0.0,0.0,0.0
14556.0,14593.0,80.0,2954.0,96763.0,92089.0,6748.631502921559,-8193.151536543539,-62.40314936289178,6754.934503244324,-8195.604490941047,-62.430986044740166,6748.822329028827,-8193.093951557123,-62.40427681877327,0.0,0.0,2.0,25.0,0.0,850.0,0.0,0.0,0.0,7545.0,0.0,0.0,0.0
14594.0,14631.0,2955.0,93.0,102067.0,96759.0,6757.946068375586,-8194.212070204903,-62.43737626101074,6760.232032701785,-8187.746263910117,-62.42145078282874,6757.883521506847,-8194.022316947146,-62.437064975684734,0.0,0.0,2.0,25.0,0.0,6188.0,0.0,0.0,0.0,614.0,0.0,0.0,0.0
14632.0,14668.0,102.0,2972.0,96735.0,94204.0,6768.385175866924,-8183.947532593326,-62.436192426217985,6774.622339173918,-8186.24480815573,-62.416774248269576,6768.577030157864,-8183.890935094585,-62.435322917236135,0.0,0.0,2.0,25.0,0.0,577.0,0.0,0.0,0.0,8986.0,0.0,0.0,0.0
14669.0,14706.0,105.0,2981.0,96646.0,96202.0,6771.103272916457,-8182.681654655281,-62.40844329402216,6777.59780886528,-8184.897133602248,-62.368195117679534,6771.292968952195,-8182.616098932546,-62.40756003595334,0.0,0.0,2.0,25.0,0.0,570.0,0.0,0.0,0.0,10405.0,0.0,0.0,0.0
14707.0,14733.0,1070.0,2988.0,98459.0,94324.0,6806.054675354137,-8192.697290327558,-62.42854873058786,6804.463964158428,-8197.389639522928,-62.42591272358686,6806.098362626009,-8192.892392346286,-62.426847235572495,0.0,0.0,2.0,25.0,0.0,6036.0,0.0,0.0,0.0,11912.0,0.0,0.0,0.0
14734.0,14763.0,1072.0,2996.0,98372.0,96322.0,6807.094373059308,-8194.921845481429,-62.408530340725974,6805.8752445062055,-8200.285962760527,-62.38216010777796,6807.161904455839,-8195.110509703067,-62.409846043152356,0.0,0.0,2.0,25.0,0.0,5883.0,0.0,0.0,0.0,12355.0,0.0,0.0,0.0
14764.0,14790.0,2579.0,3004.0,106521.0,93402.0,6809.788307359195,-8208.302978793276,-62.4257006922594,6814.321050240715,-8210.386545857767,-62.40223498804062,6809.988105113818,-8208.297198720371,-62.42390642500459,0.0,0.0,2.0,25.0,0.0,12524.0,0.0,0.0,0.0,5652.0,0.0,0.0,0.0
14791.0,14819.0,1117.0,3012.0,98308.0,92345.0,6826.1354687896965,-8235.667832464103,-62.475625205686356,6824.633217790407,-8240.651391386633,-62.479488778963514,6826.194058583521,-8235.858651663553,-62.47493555254732,0.0,0.0,2.0,25.0,0.0,5651.0,0.0,0.0,0.0,11500.0,0.0,0.0,0.0
14820.0,14848.0,2227.0,1128.0,102534.0,98301.0,6825.967306495197,-8243.69899727099,-62.515874458172675,6830.790977553135,-8245.627107633689,-62.519541296153875,6826.162450703365,-8243.657314723721,-62.51502904497738,0.0,0.0,2.0,25.0,0.0,10822.0,0.0,0.0,0.0,5584.0,0.0,0.0,0.0
14849.0,14896.0,2227.0,3032.0,102534.0,96546.0,6825.967306495197,-8243.69899727099,-62.515874458172675,6834.093840461136,-8245.25985457522,-62.48860031120603,6826.148665964258,-8243.614597389342,-62.513958798483145,0.0,0.0,2.0,25.0,0.0,10822.0,0.0,0.0,0.0,1935.0,0.0,0.0,0.0
14897.0,14921.0,3042.0,1714.0,106765.0,99270.0,6841.087019740035,-8279.853722644773,-62.636141062148454,6836.460987814402,-8279.390343398096,-62.62557882252395,6840.897208297825,-8279.913300425007,-62.63601532596931,0.0,0.0,2.0,25.0,0.0,14154.0,14958.0,0.0,0.0,8272.0,0.0,0.0,0.0
14922.0,14958.0,1159.0,3042.0,98218.0,106765.0,6843.912858116895,-8273.707641654622,-62.58715392187605,6841.087019740035,-8279.853722644773,-62.636141062148454,6843.947546989346,-8273.90391763076,-62.58844706138689,0.0,0.0,2.0,25.0,0.0,5583.0,0.0,0.0,0.0,14025.0,14897.0,0.0,0.0
14959.0,15007.0,2800.0,598.0,103443.0,97341.0,6847.368875428117,-8280.707747585995,-62.589992917184645,6850.53529021551,-8272.690983556031,-62.496934041510485,6847.545021266045,-8280.612466349174,-62.58605757530813,0.0,0.0,1.0,25.0,0.0,13911.0,0.0,0.0,0.0,2302.0,0.0,0.0,0.0
15008.0,15041.0,1705.0,2796.0,99291.0,101937.0,6839.9137447404855,-8287.43511903327,-62.64678094140709,6843.727357730228,-8282.356901343273,-62.64123905046608,6839.947025613561,-8287.238533987369,-62.6465598569298,0.0,0.0,2.0,25.0,0.0,8351.0,0.0,0.0,0.0,13912.0,0.0,0.0,0.0
15042.0,15071.0,1702.0,2864.0,99337.0,101948.0,6839.525912452695,-8290.399361242828,-62.64023754127493,6843.144000444688,-8286.137503506812,-62.65954943393126,6839.589313313946,-8290.209217551082,-62.641057060472576,0.0,0.0,2.0,25.0,0.0,8466.0,0.0,0.0,0.0,14197.0,0.0,0.0,0.0
15072.0,15096.0,3076.0,1678.0,106563.0,99353.0,6816.545641327905,-8295.013989870033,-62.63867996527733,6821.253014557751,-8295.81470898767,-62.64875689427936,6816.739609987666,-8294.96434160061,-62.6408222609175,0.0,0.0,2.0,25.0,0.0,13379.0,0.0,0.0,0.0,8352.0,0.0,0.0,0.0
15097.0,15125.0,1668.0,2741.0,99469.0,92465.0,6817.541736231301,-8286.890207927798,-62.61112903248841,6815.094702918256,-8291.919585489752,-62.607085665964405,6817.522506840765,-8287.089495855671,-62.61436876933658,0.0,0.0,2.0,25.0,0.0,8526.0,0.0,0.0,0.0,13764.0,0.0,0.0,0.0
15126.0,15155.0,1947.0,2135.0,106420.0,100353.0,6819.987167169769,-8275.741165329504,-62.54419093376055,6819.347498388166,-8281.357123250513,-62.59083454871916,6820.047740706694,-8275.931953671337,-62.54950451947525,0.0,0.0,2.0,25.0,0.0,10086.0,0.0,0.0,0.0,10554.0,0.0,0.0,0.0
15156.0,15184.0,2123.0,3104.0,100374.0,95890.0,6829.604446671681,-8276.317102885365,-62.60322769152026,6825.1325313700945,-8273.216859724314,-62.55240015645404,6829.40784454743,-8276.281845381402,-62.60097129374162,0.0,0.0,2.0,25.0,0.0,10652.0,0.0,0.0,0.0,9607.0,0.0,0.0,0.0
15185.0,15230.0,313.0,1226.0,97112.0,91684.0,6823.3240452539985,-8320.618373163632,-62.68744839592864,6815.572241376571,-8317.567014009293,-62.68316388685571,6823.134327344164,-8320.681915295134,-62.687328867169526,0.0,0.0,2.0,25.0,0.0,1606.0,0.0,0.0,0.0,6719.0,0.0,0.0,0.0
15231.0,15284.0,1529.0,527.0,102205.0,97416.0,6813.802111563913,-8321.651964476961,-62.69362966322706,6823.093089739335,-8324.42529978139,-62.701194753768505,6813.914207475196,-8321.817786794676,-62.69296683214861,0.0,0.0,1.0,25.0,0.0,6934.0,0.0,0.0,0.0,2656.0,0.0,0.0,0.0
15285.0,15319.0,3130.0,327.0,98759.0,97109.0,6813.4145486127745,-8320.821594852885,-62.69312688163927,6810.69668855304,-8326.646831414175,-62.672867259364466,6813.431307911739,-8321.02018377527,-62.69340520130527,0.0,0.0,2.0,25.0,0.0,7013.0,0.0,0.0,0.0,1532.0,0.0,0.0,0.0
15320.0,15367.0,1240.0,2717.0,98750.0,101751.0,6809.650860624144,-8304.889676025155,-62.63323690330253,6812.584629731517,-8296.839218185652,-62.60583642731717,6809.580365011222,-8304.703073035154,-62.63191744163578,0.0,0.0,2.0,25.0,0.0,6718.0,0.0,0.0,0.0,13380.0,0.0,0.0,0.0
15368.0,15432.0,1241.0,2760.0,98679.0,101843.0,6809.226904275176,-8303.984023637182,-62.62759920164399,6798.06361447941,-8299.886599846646,-62.59133623620164,6809.1207385306425,-8303.8150893202,-62.626264835173515,0.0,0.0,1.0,25.0,0.0,6716.0,0.0,0.0,0.0,13685.0,0.0,0.0,0.0
15433.0,15475.0,2746.0,1255.0,101849.0,98674.0,6810.737863257616,-8293.957244446588,-62.582097350753884,6803.305501434534,-8291.30665536766,-62.598705212752975,6810.547066726074,-8294.016822289796,-62.58197159611336,0.0,0.0,2.0,25.0,0.0,13763.0,0.0,0.0,0.0,6638.0,0.0,0.0,0.0
15476.0,15543.0,2746.0,1511.0,101849.0,98769.0,6810.737863257616,-8293.957244446588,-62.582097350753884,6806.189922265805,-8305.352932994305,-62.6211509899872,6810.561723457703,-8294.052533085523,-62.58003391549573,0.0,0.0,1.0,25.0,0.0,13763.0,0.0,0.0,0.0,7017.0,0.0,0.0,0.0
15544.0,15589.0,1497.0,2761.0,98775.0,101839.0,6800.268445192004,-8292.674547890569,-62.6152557082346,6797.158966334163,-8300.310533851938,-62.59292713587229,6800.327023552351,-8292.865376954687,-62.61556753417881,0.0,0.0,2.0,25.0,0.0,7095.0,0.0,0.0,0.0,13682.0,0.0,0.0,0.0
15590.0,15657.0,1497.0,2716.0,98775.0,101754.0,6800.268445192004,-8292.674547890569,-62.6152557082346,6811.677950136724,-8297.260221288187,-62.59741905113242,6800.362758700569,-8292.85068988853,-62.61358641837478,0.0,0.0,1.0,25.0,0.0,7095.0,0.0,0.0,0.0,13382.0,0.0,0.0,0.0
15658.0,15703.0,2702.0,1512.0,101760.0,98765.0,6798.988006573317,-8303.153880185157,-62.598595710599966,6806.612851139331,-8306.257599003467,-62.62778629944978,6799.178844759494,-8303.09532131315,-62.59872240965478,0.0,0.0,2.0,25.0,0.0,13460.0,0.0,0.0,0.0,7014.0,0.0,0.0,0.0
15704.0,15773.0,2702.0,1255.0,101760.0,98674.0,6798.988006573317,-8303.153880185157,-62.598595710599966,6803.305501434534,-8291.30665536766,-62.598705212752975,6799.16315578449,-8303.05863058847,-62.59665767895194,0.0,0.0,1.0,25.0,0.0,13460.0,0.0,0.0,0.0,6638.0,0.0,0.0,0.0
15774.0,15816.0,1283.0,2192.0,98590.0,100646.0,6791.46158662727,-8265.951880345578,-62.59900855488149,6794.109184095676,-8258.575563918328,-62.58822185216559,6791.405020139668,-8265.761018412952,-62.5976997165003,0.0,0.0,2.0,25.0,0.0,6505.0,0.0,0.0,0.0,10973.0,0.0,0.0,0.0
15817.0,15893.0,1282.0,2309.0,98668.0,92273.0,6791.855398949418,-8266.795137018627,-62.6005262648946,6778.859999604614,-8262.018623721508,-62.5124868753428,6791.760082529966,-8266.618998029744,-62.6001953395662,0.0,0.0,1.0,25.0,0.0,6637.0,0.0,0.0,0.0,11234.0,0.0,0.0,0.0
15894.0,15944.0,2293.0,1298.0,100736.0,91429.0,6793.456732512199,-8255.204147293667,-62.58314005109696,6785.013101588164,-8252.146956497598,-62.53018000968086,6793.271175405032,-8255.277622180352,-62.582038105376796,0.0,0.0,2.0,25.0,0.0,11384.0,0.0,0.0,0.0,6303.0,0.0,0.0,0.0
15945.0,16021.0,2293.0,1470.0,100736.0,91834.0,6793.456732512199,-8255.204147293667,-62.58314005109696,6788.848538848925,-8268.225426873727,-62.593190323955696,6793.2826137390175,-8255.301404744434,-62.58208122481392,0.0,0.0,1.0,25.0,0.0,11384.0,0.0,0.0,0.0,7096.0,0.0,0.0,0.0
16022.0,16071.0,1454.0,2309.0,98857.0,92273.0,6782.08121294713,-8253.736759573185,-62.54013118544253,6778.859999604614,-8262.018623721508,-62.5124868753428,6782.152735917154,-8253.923331629312,-62.539449892022276,0.0,0.0,2.0,25.0,0.0,7309.0,0.0,0.0,0.0,11234.0,0.0,0.0,0.0
16072.0,16146.0,1454.0,2193.0,98857.0,92202.0,6782.08121294713,-8253.736759573185,-62.54013118544253,6794.877133380079,-8258.216183678147,-62.59057177331988,6782.184418600331,-8253.907760470527,-62.537463305557594,0.0,0.0,1.0,25.0,0.0,7309.0,0.0,0.0,0.0,10938.0,0.0,0.0,0.0
16147.0,16193.0,2177.0,1469.0,100652.0,98851.0,6780.299231054936,-8265.023264437561,-62.54692899622523,6788.425578741664,-8267.319772083469,-62.58856029768185,6780.485754730686,-8264.949758657136,-62.54603143440863,0.0,0.0,2.0,25.0,0.0,11088.0,0.0,0.0,0.0,7228.0,0.0,0.0,0.0
16194.0,16269.0,2177.0,1298.0,100652.0,91429.0,6780.299231054936,-8265.023264437561,-62.54692899622523,6785.013101588164,-8252.146956497598,-62.53018000968086,6780.474348703525,-8264.92699621387,-62.544989664468176,0.0,0.0,1.0,25.0,0.0,11088.0,0.0,0.0,0.0,6303.0,0.0,0.0,0.0
16270.0,16309.0,3358.0,2543.0,98580.0,101461.0,6774.85271673464,-8230.395034019799,-62.51513314326212,6777.179943334104,-8223.62661285944,-62.4718284229607,6774.784192066841,-8230.207412406022,-62.51281702651522,0.0,0.0,2.0,25.0,0.0,6423.0,0.0,0.0,0.0,12671.0,0.0,0.0,0.0
16310.0,16363.0,1324.0,2629.0,98494.0,96349.0,6774.119343076873,-8228.825499693852,-62.49231889730618,6777.620303138709,-8219.841765037147,-62.405391809676985,6774.05480837692,-8228.636813139612,-62.490005690699036,0.0,0.0,2.0,25.0,0.0,6302.0,0.0,0.0,0.0,13085.0,0.0,0.0,0.0
16364.0,16427.0,3388.0,3401.0,104293.0,94418.0,6769.818502711373,-8223.40192204815,-62.408723399910286,6758.770965809926,-8218.770344831344,-62.474012245415,6769.671947386001,-8223.264736237772,-62.405390128782074,0.0,0.0,1.0,25.0,0.0,16471.0,0.0,0.0,0.0,11647.0,0.0,0.0,0.0
16428.0,16471.0,3358.0,3388.0,98580.0,104293.0,6774.85271673464,-8230.395034019799,-62.51513314326212,6769.818502711373,-8223.40192204815,-62.408723399910286,6774.762365820067,-8230.216800922317,-62.513806034626214,0.0,0.0,1.0,25.0,0.0,6423.0,0.0,0.0,0.0,16364.0,16472.0,0.0,0.0
16472.0,16524.0,3388.0,2482.0,104293.0,96416.0,6769.818502711373,-8223.40192204815,-62.408723399910286,6760.128120623938,-8221.713678058042,-62.427262854186665,6769.666082903025,-8223.271848616885,-62.40539312482133,0.0,0.0,1.0,25.0,0.0,16471.0,0.0,0.0,0.0,12092.0,0.0,0.0,0.0
16525.0,16594.0,3422.0,2545.0,104457.0,94351.0,6766.6462666659745,-8217.82592053354,-62.409134775240545,6779.00009409684,-8222.771510717506,-62.485653539333725,6766.791822370172,-8217.96413214633,-62.40746812078123,0.0,0.0,1.0,25.0,0.0,16630.0,0.0,0.0,0.0,12640.0,0.0,0.0,0.0
16595.0,16630.0,1408.0,3422.0,99042.0,104457.0,6762.626154953983,-8212.081044102797,-62.40443547777886,6766.6462666659745,-8217.82592053354,-62.409134775240545,6762.714519167351,-8212.260289826563,-62.402761105289756,0.0,0.0,1.0,25.0,0.0,7544.0,0.0,0.0,0.0,16525.0,16631.0,0.0,0.0
16631.0,16690.0,3422.0,2629.0,104457.0,96349.0,6766.6462666659745,-8217.82592053354,-62.409134775240545,6777.620303138709,-8219.841765037147,-62.405391809676985,6766.795728911162,-8217.960066097236,-62.40746699826468,0.0,0.0,1.0,25.0,0.0,16630.0,0.0,0.0,0.0,13085.0,0.0,0.0,0.0
16691.0,16741.0,1409.0,2482.0,98961.0,96416.0,6763.049126835391,-8212.98672891928,-62.39505594313687,6760.128120623938,-8221.713678058042,-62.427262854186665,6763.113664530552,-8213.175452637104,-62.39436862130333,0.0,0.0,2.0,25.0,0.0,7539.0,0.0,0.0,0.0,12092.0,0.0,0.0,0.0
16742.0,16780.0,2530.0,3481.0,101473.0,91967.0,6765.4207519261345,-8229.152844491897,-62.46351543549599,6771.830183687541,-8231.788662957648,-62.50573281028619,6765.611612377064,-8229.095263166695,-62.461643103226834,0.0,0.0,2.0,25.0,0.0,12755.0,0.0,0.0,0.0,7310.0,0.0,0.0,0.0
16781.0,16860.0,3482.0,1341.0,101666.0,98473.0,6762.476902212595,-8226.930379132216,-62.407513080802346,6766.928107657293,-8213.43127932759,-62.37574347691543,6762.652018470445,-8226.834109801852,-62.4065738351801,0.0,0.0,1.0,25.0,0.0,13233.0,0.0,0.0,0.0,6189.0,0.0,0.0,0.0
16861.0,16899.0,2384.0,1345.0,100944.0,91341.0,6771.570024402551,-8212.778698574408,-62.41882287049066,6765.277916476893,-8209.898732712003,-62.40542217158918,6771.3749685505645,-8212.824383404257,-62.41567501963391,0.0,0.0,2.0,25.0,0.0,11765.0,0.0,0.0,0.0,6102.0,0.0,0.0,0.0
16900.0,16974.0,2466.0,1425.0,101142.0,98936.0,6774.746254955587,-8214.86294286309,-62.4028921116751,6769.816446211801,-8227.475404600742,-62.44900185400775,6774.5711427003125,-8214.958198675764,-62.39982952981518,0.0,0.0,1.0,25.0,0.0,12209.0,0.0,0.0,0.0,7431.0,0.0,0.0,0.0
16975.0,17055.0,2024.0,2282.0,99874.0,100818.0,6816.870947835097,-8255.5115641422,-62.517508895371066,6803.3647083631495,-8250.579689051763,-62.51168051833656,6816.778639576236,-8255.334386858194,-62.51417976727453,0.0,0.0,1.0,25.0,0.0,9704.0,0.0,0.0,0.0,11385.0,0.0,0.0,0.0
17056.0,17095.0,1747.0,3551.0,99184.0,92177.0,6818.989292154642,-8252.397662255587,-62.53672152613217,6821.6807314388025,-8245.7012697516,-62.522892405523635,6818.94361874175,-8252.20259959906,-62.534419027947024,0.0,0.0,2.0,25.0,0.0,8135.0,0.0,0.0,0.0,10799.0,0.0,0.0,0.0
17096.0,17170.0,1911.0,2218.0,100144.0,100528.0,6804.777865407431,-8243.1527702094,-62.461534376758664,6817.654799219778,-8247.580734471037,-62.4840326245926,6804.882064166919,-8243.32375682779,-62.46086762090363,0.0,0.0,1.0,25.0,0.0,10175.0,0.0,0.0,0.0,10823.0,0.0,0.0,0.0
17171.0,17210.0,1623.0,2286.0,99539.0,92309.0,6802.2508560379065,-8245.433629869065,-62.50980381291765,6799.701341035823,-8252.289221073617,-62.56199917264894,6802.309445561012,-8245.624449159499,-62.50911423623347,0.0,0.0,2.0,25.0,0.0,8754.0,0.0,0.0,0.0,11350.0,0.0,0.0,0.0
17211.0,17252.0,2200.0,1637.0,100638.0,99531.0,6801.132630021448,-8255.295045121451,-62.57343442715046,6808.171307521385,-8258.112020641234,-62.52860547423052,6801.323428230592,-8255.235469997418,-62.57156026707162,0.0,0.0,2.0,25.0,0.0,10972.0,0.0,0.0,0.0,8666.0,0.0,0.0,0.0
17253.0,17308.0,2201.0,3600.0,100552.0,95989.0,6802.259274710474,-8254.768992118108,-62.55595085440382,6811.676708938716,-8257.934913033036,-62.47511568211121,6802.444825767812,-8254.695511254724,-62.55305304753301,0.0,0.0,2.0,25.0,0.0,10937.0,0.0,0.0,0.0,9988.0,0.0,0.0,0.0
17309.0,17375.0,3609.0,3623.0,104941.0,93778.0,6808.474311062251,-8250.12632385258,-62.461540452267855,6812.373529193119,-8238.20404040207,-62.46521139796414,6808.604411083658,-8249.974947492241,-62.459482436421695,0.0,0.0,1.0,25.0,0.0,17415.0,0.0,0.0,0.0,7934.0,0.0,0.0,0.0
17376.0,17415.0,2201.0,3609.0,100552.0,104941.0,6802.259274710474,-8254.768992118108,-62.55595085440382,6808.474311062251,-8250.12632385258,-62.461540452267855,6802.43752610554,-8254.679646296087,-62.55202462472653,0.0,0.0,1.0,25.0,0.0,10937.0,0.0,0.0,0.0,17309.0,17416.0,0.0,0.0
17416.0,17465.0,3609.0,2040.0,104941.0,99868.0,6808.474311062251,-8250.12632385258,-62.461540452267855,6810.0407953300155,-8240.871154762033,-62.46218494004779,6808.5983155170015,-8249.970066457412,-62.45946958589548,0.0,0.0,1.0,25.0,0.0,17415.0,0.0,0.0,0.0,9521.0,0.0,0.0,0.0
17466.0,17509.0,3636.0,1761.0,100932.0,99174.0,6820.2762750784705,-8242.684979184038,-62.48747213416482,6813.077780446558,-8239.715127064244,-62.4859253660793,6820.086526917002,-8242.747546755887,-62.48735061739353,0.0,0.0,2.0,25.0,0.0,11524.0,0.0,0.0,0.0,8047.0,0.0,0.0,0.0
17510.0,17563.0,2265.0,2041.0,100840.0,99864.0,6818.760208106523,-8243.39236445491,-62.487770953646304,6809.617842169347,-8239.965476372256,-62.45055737985285,6818.572575813036,-8243.46088905456,-62.48765949073504,0.0,0.0,2.0,25.0,0.0,11495.0,0.0,0.0,0.0,9518.0,0.0,0.0,0.0
17564.0,17630.0,3666.0,3680.0,105101.0,93991.0,6813.269696607877,-8247.542646808739,-62.47629974716256,6808.728657939211,-8259.306045835623,-62.5337542418215,6813.133525886047,-8247.689169516982,-62.47434481360824,0.0,0.0,1.0,25.0,0.0,17670.0,0.0,0.0,0.0,8567.0,0.0,0.0,0.0
17631.0,17670.0,2264.0,3666.0,100926.0,105101.0,6819.665876360448,-8242.969400577322,-62.488189271412466,6813.269696607877,-8247.542646808739,-62.47629974716256,6819.486624163577,-8243.058752264966,-62.48811379001654,0.0,0.0,1.0,25.0,0.0,11499.0,0.0,0.0,0.0,17564.0,17671.0,0.0,0.0
17671.0,17725.0,3666.0,1927.0,105101.0,100141.0,6813.269696607877,-8247.542646808739,-62.47629974716256,6811.54126156908,-8257.643574671156,-62.474591945941484,6813.138595197357,-8247.693076470507,-62.47435530470966,0.0,0.0,1.0,25.0,0.0,17670.0,0.0,0.0,0.0,10087.0,0.0,0.0,0.0
17726.0,17839.0,2064.0,3716.0,99852.0,96290.0,6799.957089364448,-8219.258812295926,-62.374399289284156,6780.734038421079,-8212.056851501286,-62.36861939283108,6799.8637741010025,-8219.08166596765,-62.37307038681365,0.0,0.0,1.0,25.0,0.0,9517.0,0.0,0.0,0.0,12210.0,0.0,0.0,0.0
17840.0,17954.0,2066.0,3741.0,99745.0,94292.0,6799.053815386909,-8217.322636258425,-62.36192907661007,6779.341398014742,-8209.141141355976,-62.426366935836995,6798.960531360287,-8217.146475527043,-62.36060155233599,0.0,0.0,1.0,25.0,0.0,9404.0,0.0,0.0,0.0,11766.0,0.0,0.0,0.0
17955.0,17995.0,1789.0,2658.0,99054.0,96451.0,6801.256815279769,-8214.350069829312,-62.36742770881847,6803.782230955035,-8207.596851850532,-62.36438075950218,6801.189283885391,-8214.161438810144,-62.366111537676716,0.0,0.0,2.0,25.0,0.0,7933.0,0.0,0.0,0.0,12944.0,0.0,0.0,0.0
17996.0,18038.0,3752.0,2574.0,99153.0,94453.0,6802.887325643273,-8217.848912879828,-62.404696259068714,6805.168062414305,-8210.474536212474,-62.398581502423895,6802.816798236668,-8217.66133399484,-62.40437813522112,0.0,0.0,2.0,25.0,0.0,8046.0,0.0,0.0,0.0,12499.0,0.0,0.0,0.0
18039.0,18082.0,2554.0,1887.0,101344.0,100233.0,6787.129949156533,-8218.951332225228,-62.42934554492831,6794.633810991109,-8221.416612380464,-62.40352462488181,6787.316527611118,-8218.879823595997,-62.425451356000394,0.0,0.0,2.0,25.0,0.0,12639.0,0.0,0.0,0.0,10288.0,0.0,0.0,0.0
18083.0,18124.0,2551.0,1598.0,101445.0,99623.0,6784.595323749776,-8220.141735956144,-62.47419239487226,6791.679850888316,-8222.793834640212,-62.48016479419766,6784.78507344607,-8220.07816365502,-62.472311774305126,0.0,0.0,2.0,25.0,0.0,12670.0,0.0,0.0,0.0,8867.0,0.0,0.0,0.0
18125.0,18236.0,3783.0,3805.0,101655.0,95688.0,6783.203845680529,-8217.228197217151,-62.402939247012,6790.113890557107,-8198.15968681319,-62.35362225870904,6783.375883082298,-8217.126980085783,-62.40099103777038,0.0,0.0,1.0,25.0,0.0,13115.0,0.0,0.0,0.0,9201.0,0.0,0.0,0.0
18237.0,18352.0,2637.0,3830.0,101549.0,93690.0,6784.861578330566,-8216.452171257106,-62.391696616467016,6793.06242076502,-8196.767394878661,-62.41396165736842,6785.039794963431,-8216.361836122522,-62.39076912648352,0.0,0.0,1.0,25.0,0.0,13084.0,0.0,0.0,0.0,7729.0,0.0,0.0,0.0
18353.0,18396.0,1578.0,3716.0,99627.0,96290.0,6783.222688225876,-8204.681497307147,-62.38072321264326,6780.734038421079,-8212.056851501286,-62.36861939283108,6783.293219585912,-8204.86909253465,-62.377040754286554,0.0,0.0,2.0,25.0,0.0,8985.0,0.0,0.0,0.0,12210.0,0.0,0.0,0.0
18397.0,18438.0,1575.0,3741.0,99729.0,94292.0,6781.969383194648,-8201.99810518125,-62.44192198532983,6779.341398014742,-8209.141141355976,-62.426366935836995,6782.034918239791,-8202.186808806393,-62.43923555796255,0.0,0.0,2.0,25.0,0.0,9072.0,0.0,0.0,0.0,11766.0,0.0,0.0,0.0
18439.0,18549.0,1864.0,2658.0,100342.0,96451.0,6784.923060608498,-8200.606878907234,-62.37126344306262,6803.782230955035,-8207.596851850532,-62.36438075950218,6785.026236225683,-8200.777881082,-62.367594147396176,0.0,0.0,1.0,25.0,0.0,10491.0,0.0,0.0,0.0,12944.0,0.0,0.0,0.0
18550.0,18664.0,1866.0,2574.0,100236.0,94453.0,6785.758600289233,-8202.396464090509,-62.3474649798095,6805.168062414305,-8210.474536212474,-62.398581502423895,6785.855878265845,-8202.571554066522,-62.34479476072693,0.0,0.0,1.0,25.0,0.0,10404.0,0.0,0.0,0.0,12499.0,0.0,0.0,0.0
18665.0,18705.0,2353.0,3909.0,101124.0,93690.0,6799.89095489562,-8199.521304552842,-62.42579247476624,6793.06242076502,-8196.767394878661,-62.41396165736842,6799.69700775382,-8199.572955740294,-62.424652554719614,0.0,0.0,2.0,25.0,0.0,11937.0,0.0,0.0,0.0,7729.0,0.0,0.0,0.0
18706.0,18746.0,2356.0,3805.0,101025.0,95688.0,6796.914428049296,-8200.914115473546,-62.3774213940369,6790.113890557107,-8198.15968681319,-62.35362225870904,6796.721456008722,-8200.964748634353,-62.375281298634945,0.0,0.0,2.0,25.0,0.0,11911.0,0.0,0.0,0.0,9201.0,0.0,0.0,0.0
18747.0,18857.0,3921.0,1887.0,101336.0,100233.0,6801.289365476762,-8202.423849349501,-62.380034141987835,6794.633810991109,-8221.416612380464,-62.40352462488181,6801.1194070033935,-8202.530032240033,-62.37799026612174,0.0,0.0,1.0,25.0,0.0,12380.0,0.0,0.0,0.0,10288.0,0.0,0.0,0.0
18858.0,18973.0,2438.0,1598.0,101228.0,99623.0,6800.086463056043,-8202.987396014989,-62.36748071339298,6791.679850888316,-8222.793834640212,-62.48016479419766,6799.912398179518,-8203.086648197559,-62.36542354222411,0.0,0.0,1.0,25.0,0.0,12354.0,0.0,0.0,0.0,8867.0,0.0,0.0,0.0
18974.0,19015.0,3452.0,2397.0,99048.0,100937.0,6762.275069805396,-8211.329947214319,-62.41409139863572,6759.802437104547,-8218.28704308926,-62.471478798195676,6762.344592455451,-8211.517572333723,-62.41340788047228,0.0,0.0,2.0,25.0,0.0,7631.0,0.0,0.0,0.0,11681.0,0.0,0.0,0.0
